{
    "type": "FeatureCollection",
    "features": [
        {
            "type": "Feature",
            "properties": {
                "name": "中環",
                "nameEn": "Central",
                "nameZh": "中環",
                "place": "suburb"
            },
            "geometry": {
                "type": "Point",
                "coordinates": [
                    114.1582784,
                    22.2818286
                ]
            }
        },
        {
            "type": "Feature",
            "properties": {
                "name": "金鐘",
                "nameEn": "Admiralty",
                "nameZh": "金鐘",
                "place": "suburb"
            },
            "geometry": {
                "type": "Point",
                "coordinates": [
                    114.1644982,
                    22.2789208
                ]
            }
        },
        {
            "type": "Feature",
            "properties": {
                "name": "半山",
                "nameEn": "Mid-Levels",
                "nameZh": "半山",
                "place": "suburb"
            },
            "geometry": {
                "type": "Point",
                "coordinates": [
                    114.1559371,
                    22.2769349
                ]
            }
        },
        {
            "type": "Feature",
            "properties": {
                "name": "榕樹灣",
                "nameEn": "Yung Shue Wan",
                "nameZh": "榕樹灣",
                "place": "quarter"
            },
            "geometry": {
                "type": "Point",
                "coordinates": [
                    114.1117117,
                    22.22557
                ]
            }
        },
        {
            "type": "Feature",
            "properties": {
                "name": "東涌",
                "nameEn": "Tung Chung",
                "nameZh": "東涌",
                "place": "town"
            },
            "geometry": {
                "type": "Point",
                "coordinates": [
                    113.9403971,
                    22.2871495
                ]
            }
        },
        {
            "type": "Feature",
            "properties": {
                "name": "梅窩",
                "nameEn": "Mui Wo",
                "nameZh": "梅窩",
                "place": "town"
            },
            "geometry": {
                "type": "Point",
                "coordinates": [
                    114.0013059,
                    22.2645446
                ]
            }
        },
        {
            "type": "Feature",
            "properties": {
                "name": "塘褔",
                "nameEn": "Tong Fuk",
                "nameZh": "塘褔",
                "place": "village"
            },
            "geometry": {
                "type": "Point",
                "coordinates": [
                    113.9317414,
                    22.2281103
                ]
            }
        },
        {
            "type": "Feature",
            "properties": {
                "name": "昂坪村",
                "nameEn": "Ngong Ping Village",
                "nameZh": "昂坪村",
                "place": "village"
            },
            "geometry": {
                "type": "Point",
                "coordinates": [
                    113.9043404,
                    22.2557793
                ]
            }
        },
        {
            "type": "Feature",
            "properties": {
                "name": "屯門",
                "nameEn": "Tuen Mun",
                "nameZh": "屯門",
                "place": "town"
            },
            "geometry": {
                "type": "Point",
                "coordinates": [
                    113.9770274,
                    22.3908021
                ]
            }
        },
        {
            "type": "Feature",
            "properties": {
                "name": "赤柱",
                "nameEn": "Stanley",
                "nameZh": "赤柱",
                "place": "suburb"
            },
            "geometry": {
                "type": "Point",
                "coordinates": [
                    114.2159129,
                    22.2143908
                ]
            }
        },
        {
            "type": "Feature",
            "properties": {
                "name": "跑馬地",
                "nameEn": "Happy Valley",
                "nameZh": "跑馬地",
                "place": "suburb"
            },
            "geometry": {
                "type": "Point",
                "coordinates": [
                    114.1869671,
                    22.267237
                ]
            }
        },
        {
            "type": "Feature",
            "properties": {
                "name": "香港仔",
                "nameEn": "Aberdeen",
                "nameZh": "香港仔",
                "place": "suburb"
            },
            "geometry": {
                "type": "Point",
                "coordinates": [
                    114.1564209,
                    22.2489071
                ]
            }
        },
        {
            "type": "Feature",
            "properties": {
                "name": "炮台山",
                "nameEn": "Fortress Hill",
                "nameZh": "炮台山",
                "place": "quarter"
            },
            "geometry": {
                "type": "Point",
                "coordinates": [
                    114.1945411,
                    22.287385
                ]
            }
        },
        {
            "type": "Feature",
            "properties": {
                "name": "北角",
                "nameEn": "North Point",
                "nameZh": "北角",
                "place": "suburb"
            },
            "geometry": {
                "type": "Point",
                "coordinates": [
                    114.1989737,
                    22.2906565
                ]
            }
        },
        {
            "type": "Feature",
            "properties": {
                "name": "銅鑼灣",
                "nameEn": "Causeway Bay",
                "nameZh": "銅鑼灣",
                "place": "suburb"
            },
            "geometry": {
                "type": "Point",
                "coordinates": [
                    114.1870669,
                    22.2809029
                ]
            }
        },
        {
            "type": "Feature",
            "properties": {
                "name": "康山",
                "nameEn": "Kornhill",
                "nameZh": "康山",
                "place": "quarter"
            },
            "geometry": {
                "type": "Point",
                "coordinates": [
                    114.2161441,
                    22.2837776
                ]
            }
        },
        {
            "type": "Feature",
            "properties": {
                "name": "石澳",
                "nameEn": "Shek O",
                "nameZh": "石澳",
                "place": "suburb"
            },
            "geometry": {
                "type": "Point",
                "coordinates": [
                    114.2500334,
                    22.2331673
                ]
            }
        },
        {
            "type": "Feature",
            "properties": {
                "name": "大澳",
                "nameEn": "Tai O",
                "nameZh": "大澳",
                "place": "town"
            },
            "geometry": {
                "type": "Point",
                "coordinates": [
                    113.8636197,
                    22.2541524
                ]
            }
        },
        {
            "type": "Feature",
            "properties": {
                "name": "上環",
                "nameEn": "Sheung Wan",
                "nameZh": "上環",
                "place": "suburb"
            },
            "geometry": {
                "type": "Point",
                "coordinates": [
                    114.150208,
                    22.2865158
                ]
            }
        },
        {
            "type": "Feature",
            "properties": {
                "name": "西營盤",
                "nameEn": "Sai Ying Pun",
                "nameZh": "西營盤",
                "place": "suburb"
            },
            "geometry": {
                "type": "Point",
                "coordinates": [
                    114.1420862,
                    22.286121
                ]
            }
        },
        {
            "type": "Feature",
            "properties": {
                "name": "石塘咀",
                "nameEn": "Shek Tong Tsui",
                "nameZh": "石塘咀",
                "place": "suburb"
            },
            "geometry": {
                "type": "Point",
                "coordinates": [
                    114.1357494,
                    22.2858761
                ]
            }
        },
        {
            "type": "Feature",
            "properties": {
                "name": "烏蛟騰",
                "nameEn": "Wu Kau Tang",
                "nameZh": "烏蛟騰",
                "place": "village"
            },
            "geometry": {
                "type": "Point",
                "coordinates": [
                    114.2434526,
                    22.5066892
                ]
            }
        },
        {
            "type": "Feature",
            "properties": {
                "name": "大美督村",
                "nameEn": "Tai Mei Tuk Village",
                "nameZh": "大美督村",
                "place": "village"
            },
            "geometry": {
                "type": "Point",
                "coordinates": [
                    114.2346066,
                    22.4741139
                ]
            }
        },
        {
            "type": "Feature",
            "properties": {
                "name": "調景嶺",
                "nameEn": "Tiu Keng Leng",
                "nameZh": "調景嶺",
                "place": "suburb"
            },
            "geometry": {
                "type": "Point",
                "coordinates": [
                    114.2507334,
                    22.3022793
                ]
            }
        },
        {
            "type": "Feature",
            "properties": {
                "name": "將軍澳",
                "nameEn": "Tseung Kwan O",
                "nameZh": "將軍澳",
                "place": "town"
            },
            "geometry": {
                "type": "Point",
                "coordinates": [
                    114.259633,
                    22.3087855
                ]
            }
        },
        {
            "type": "Feature",
            "properties": {
                "name": "坑口",
                "nameEn": "Hang Hau",
                "nameZh": "坑口",
                "place": "suburb"
            },
            "geometry": {
                "type": "Point",
                "coordinates": [
                    114.2659053,
                    22.316671
                ]
            }
        },
        {
            "type": "Feature",
            "properties": {
                "name": "寶林",
                "nameEn": "Po Lam",
                "nameZh": "寶林",
                "place": "suburb"
            },
            "geometry": {
                "type": "Point",
                "coordinates": [
                    114.2578082,
                    22.3226302
                ]
            }
        },
        {
            "type": "Feature",
            "properties": {
                "name": "官涌",
                "nameEn": "Kwun Chung",
                "nameZh": "官涌",
                "place": "neighbourhood"
            },
            "geometry": {
                "type": "Point",
                "coordinates": [
                    114.169005,
                    22.3049
                ]
            }
        },
        {
            "type": "Feature",
            "properties": {
                "name": "天水圍",
                "nameEn": "Tin Shui Wai",
                "nameZh": "天水圍",
                "place": "town"
            },
            "geometry": {
                "type": "Point",
                "coordinates": [
                    114.0020584,
                    22.4598807
                ]
            }
        },
        {
            "type": "Feature",
            "properties": {
                "name": "元朗",
                "nameEn": "Yuen Long",
                "nameZh": "元朗",
                "place": "town"
            },
            "geometry": {
                "type": "Point",
                "coordinates": [
                    114.0259924,
                    22.4445211
                ]
            }
        },
        {
            "type": "Feature",
            "properties": {
                "name": "沙田",
                "nameEn": "Sha Tin",
                "nameZh": "沙田",
                "place": "town"
            },
            "geometry": {
                "type": "Point",
                "coordinates": [
                    114.1904697,
                    22.3815527
                ]
            }
        },
        {
            "type": "Feature",
            "properties": {
                "name": "柴灣",
                "nameEn": "Chai Wan",
                "nameZh": "柴灣",
                "place": "suburb"
            },
            "geometry": {
                "type": "Point",
                "coordinates": [
                    114.2379644,
                    22.2656067
                ]
            }
        },
        {
            "type": "Feature",
            "properties": {
                "name": "小西灣",
                "nameEn": "Siu Sai Wan",
                "nameZh": "小西灣",
                "place": "suburb"
            },
            "geometry": {
                "type": "Point",
                "coordinates": [
                    114.2502079,
                    22.2637273
                ]
            }
        },
        {
            "type": "Feature",
            "properties": {
                "name": "鰂魚涌",
                "nameEn": "Quarry Bay",
                "nameZh": "鰂魚涌",
                "place": "suburb"
            },
            "geometry": {
                "type": "Point",
                "coordinates": [
                    114.2129202,
                    22.285795
                ]
            }
        },
        {
            "type": "Feature",
            "properties": {
                "name": "荃灣",
                "nameEn": "Tsuen Wan",
                "nameZh": "荃灣",
                "place": "town"
            },
            "geometry": {
                "type": "Point",
                "coordinates": [
                    114.1134699,
                    22.3716605
                ]
            }
        },
        {
            "type": "Feature",
            "properties": {
                "name": "欣澳",
                "nameEn": "Sunny Bay",
                "nameZh": "欣澳",
                "place": "suburb"
            },
            "geometry": {
                "type": "Point",
                "coordinates": [
                    114.0298584,
                    22.3331668
                ]
            }
        },
        {
            "type": "Feature",
            "properties": {
                "name": "竹篙灣",
                "nameEn": "Penny's Bay",
                "nameZh": "竹篙灣",
                "place": "suburb"
            },
            "geometry": {
                "type": "Point",
                "coordinates": [
                    114.0471362,
                    22.3154014
                ]
            }
        },
        {
            "type": "Feature",
            "properties": {
                "name": "紅磡",
                "nameEn": "Hung Hom",
                "nameZh": "紅磡",
                "place": "suburb"
            },
            "geometry": {
                "type": "Point",
                "coordinates": [
                    114.1863163,
                    22.3068983
                ]
            }
        },
        {
            "type": "Feature",
            "properties": {
                "name": "尖沙咀",
                "nameEn": "Tsim Sha Tsui",
                "nameZh": "尖沙咀",
                "place": "suburb"
            },
            "geometry": {
                "type": "Point",
                "coordinates": [
                    114.1741181,
                    22.298872
                ]
            }
        },
        {
            "type": "Feature",
            "properties": {
                "name": "上水",
                "nameEn": "Sheung Shui",
                "nameZh": "上水",
                "place": "town"
            },
            "geometry": {
                "type": "Point",
                "coordinates": [
                    114.1287033,
                    22.5014146
                ]
            }
        },
        {
            "type": "Feature",
            "properties": {
                "name": "天后",
                "nameEn": "Tin Hau",
                "nameZh": "天后",
                "place": "quarter"
            },
            "geometry": {
                "type": "Point",
                "coordinates": [
                    114.1922198,
                    22.2828836
                ]
            }
        },
        {
            "type": "Feature",
            "properties": {
                "name": "火炭",
                "nameEn": "Fo Tan",
                "nameZh": "火炭",
                "place": "suburb"
            },
            "geometry": {
                "type": "Point",
                "coordinates": [
                    114.1953895,
                    22.3971416
                ]
            }
        },
        {
            "type": "Feature",
            "properties": {
                "name": "圓洲角",
                "nameEn": "Yuen Chau Kok",
                "nameZh": "圓洲角",
                "place": "suburb"
            },
            "geometry": {
                "type": "Point",
                "coordinates": [
                    114.2016303,
                    22.3832635
                ]
            }
        },
        {
            "type": "Feature",
            "properties": {
                "name": "沙螺灣村",
                "nameEn": "Sha Lo Wan Tsuen",
                "nameZh": "沙螺灣村",
                "place": "village"
            },
            "geometry": {
                "type": "Point",
                "coordinates": [
                    113.9027099,
                    22.2851261
                ]
            }
        },
        {
            "type": "Feature",
            "properties": {
                "name": "馬鞍山",
                "nameEn": "Ma On Shan",
                "nameZh": "馬鞍山",
                "place": "town"
            },
            "geometry": {
                "type": "Point",
                "coordinates": [
                    114.2302394,
                    22.4227938
                ]
            }
        },
        {
            "type": "Feature",
            "properties": {
                "name": "上香園圍",
                "nameEn": "Sheung Heung Yuen Wai",
                "nameZh": "上香園圍",
                "place": "neighbourhood"
            },
            "geometry": {
                "type": "Point",
                "coordinates": [
                    114.16516,
                    22.5531994
                ]
            }
        },
        {
            "type": "Feature",
            "properties": {
                "name": "大圍",
                "nameEn": "Tai Wai",
                "nameZh": "大圍",
                "place": "suburb"
            },
            "geometry": {
                "type": "Point",
                "coordinates": [
                    114.1777601,
                    22.373056
                ]
            }
        },
        {
            "type": "Feature",
            "properties": {
                "name": "大坑",
                "nameEn": "Tai Hang",
                "nameZh": "大坑",
                "place": "suburb"
            },
            "geometry": {
                "type": "Point",
                "coordinates": [
                    114.1931508,
                    22.2779085
                ]
            }
        },
        {
            "type": "Feature",
            "properties": {
                "name": "慈雲山",
                "nameEn": "Tsz Wan Shan",
                "nameZh": "慈雲山",
                "place": "suburb"
            },
            "geometry": {
                "type": "Point",
                "coordinates": [
                    114.1999443,
                    22.3486715
                ]
            }
        },
        {
            "type": "Feature",
            "properties": {
                "name": "山頂",
                "nameEn": "The Peak",
                "nameZh": "山頂",
                "place": "suburb"
            },
            "geometry": {
                "type": "Point",
                "coordinates": [
                    114.1506667,
                    22.2699166
                ]
            }
        },
        {
            "type": "Feature",
            "properties": {
                "name": "西灣河",
                "nameEn": "Sai Wan Ho",
                "nameZh": "西灣河",
                "place": "suburb"
            },
            "geometry": {
                "type": "Point",
                "coordinates": [
                    114.2215064,
                    22.2824457
                ]
            }
        },
        {
            "type": "Feature",
            "properties": {
                "name": "佐敦谷",
                "nameEn": "Jordan Valley",
                "nameZh": "佐敦谷",
                "place": "suburb"
            },
            "geometry": {
                "type": "Point",
                "coordinates": [
                    114.2196075,
                    22.3261225
                ]
            }
        },
        {
            "type": "Feature",
            "properties": {
                "name": "葵涌",
                "nameEn": "Kwai Chung",
                "nameZh": "葵涌",
                "place": "town"
            },
            "geometry": {
                "type": "Point",
                "coordinates": [
                    114.1290095,
                    22.3609551
                ]
            }
        },
        {
            "type": "Feature",
            "properties": {
                "name": "灣仔",
                "nameEn": "Wan Chai",
                "nameZh": "灣仔",
                "place": "suburb"
            },
            "geometry": {
                "type": "Point",
                "coordinates": [
                    114.1724833,
                    22.2790146
                ]
            }
        },
        {
            "type": "Feature",
            "properties": {
                "name": "牛池灣",
                "nameEn": "Ngau Chi Wan",
                "nameZh": "牛池灣",
                "place": "suburb"
            },
            "geometry": {
                "type": "Point",
                "coordinates": [
                    114.209576,
                    22.335359
                ]
            }
        },
        {
            "type": "Feature",
            "properties": {
                "name": "小欖村",
                "nameEn": "Siu Lam Tsuen",
                "nameZh": "小欖村",
                "place": "village"
            },
            "geometry": {
                "type": "Point",
                "coordinates": [
                    114.0122483,
                    22.3686127
                ]
            }
        },
        {
            "type": "Feature",
            "properties": {
                "name": "屯門新墟",
                "nameEn": "Tuen Mun San Hui",
                "nameZh": "屯門新墟",
                "place": "neighbourhood"
            },
            "geometry": {
                "type": "Point",
                "coordinates": [
                    113.9751687,
                    22.396688
                ]
            }
        },
        {
            "type": "Feature",
            "properties": {
                "name": "黃竹坑",
                "nameEn": "Wong Chuk Hang",
                "nameZh": "黃竹坑",
                "place": "suburb"
            },
            "geometry": {
                "type": "Point",
                "coordinates": [
                    114.166672,
                    22.2483146
                ]
            }
        },
        {
            "type": "Feature",
            "properties": {
                "name": "愉景灣",
                "nameEn": "Discovery Bay",
                "nameZh": "愉景灣",
                "place": "town"
            },
            "geometry": {
                "type": "Point",
                "coordinates": [
                    114.01457,
                    22.2993764
                ]
            }
        },
        {
            "type": "Feature",
            "properties": {
                "name": "石硤尾",
                "nameEn": "Shek Kip Mei",
                "nameZh": "石硤尾",
                "place": "suburb"
            },
            "geometry": {
                "type": "Point",
                "coordinates": [
                    114.167406,
                    22.333653
                ]
            }
        },
        {
            "type": "Feature",
            "properties": {
                "name": "橫頭磡",
                "nameEn": "Wang Tau Hom",
                "nameZh": "橫頭磡",
                "place": "suburb"
            },
            "geometry": {
                "type": "Point",
                "coordinates": [
                    114.1865742,
                    22.3404231
                ]
            }
        },
        {
            "type": "Feature",
            "properties": {
                "name": "梧桐寨村",
                "nameEn": "Ng Tung Chai Village",
                "nameZh": "梧桐寨村",
                "place": "village"
            },
            "geometry": {
                "type": "Point",
                "coordinates": [
                    114.1280962,
                    22.438024
                ]
            }
        },
        {
            "type": "Feature",
            "properties": {
                "name": "鶴咀村",
                "nameEn": "Hok Tsui Village",
                "nameZh": "鶴咀村",
                "place": "village"
            },
            "geometry": {
                "type": "Point",
                "coordinates": [
                    114.2463569,
                    22.2088273
                ]
            }
        },
        {
            "type": "Feature",
            "properties": {
                "name": "索罟群島",
                "nameEn": "Soko Islands",
                "nameZh": "索罟群島",
                "place": "suburb"
            },
            "geometry": {
                "type": "Point",
                "coordinates": [
                    113.9132037,
                    22.172214
                ]
            }
        },
        {
            "type": "Feature",
            "properties": {
                "name": "蒲台群島",
                "nameEn": "Po Toi Islands",
                "nameZh": "蒲台群島",
                "place": "suburb"
            },
            "geometry": {
                "type": "Point",
                "coordinates": [
                    114.27601,
                    22.1757113
                ]
            }
        },
        {
            "type": "Feature",
            "properties": {
                "name": "分流",
                "nameEn": "Fan Lau",
                "nameZh": "分流",
                "place": "suburb"
            },
            "geometry": {
                "type": "Point",
                "coordinates": [
                    113.8513129,
                    22.2025966
                ]
            }
        },
        {
            "type": "Feature",
            "properties": {
                "name": "沙羅洞",
                "nameEn": "Sha Lo Tung",
                "nameZh": "沙羅洞",
                "place": "village"
            },
            "geometry": {
                "type": "Point",
                "coordinates": [
                    114.1826543,
                    22.4774154
                ]
            }
        },
        {
            "type": "Feature",
            "properties": {
                "name": "大埔滘",
                "nameEn": "Tai Po Kau",
                "nameZh": "大埔滘",
                "place": "suburb"
            },
            "geometry": {
                "type": "Point",
                "coordinates": [
                    114.1828649,
                    22.4372221
                ]
            }
        },
        {
            "type": "Feature",
            "properties": {
                "name": "蛋家灣",
                "nameEn": "Tan Ka Wan",
                "nameZh": "蛋家灣",
                "place": "suburb"
            },
            "geometry": {
                "type": "Point",
                "coordinates": [
                    114.3618172,
                    22.4504518
                ]
            }
        },
        {
            "type": "Feature",
            "properties": {
                "name": "龍鼓灘",
                "nameEn": "Lung Kwu Tan",
                "nameZh": "龍鼓灘",
                "place": "suburb"
            },
            "geometry": {
                "type": "Point",
                "coordinates": [
                    113.9216034,
                    22.3895811
                ]
            }
        },
        {
            "type": "Feature",
            "properties": {
                "name": "旺角",
                "nameEn": "Mong Kok",
                "nameZh": "旺角",
                "place": "suburb"
            },
            "geometry": {
                "type": "Point",
                "coordinates": [
                    114.1698105,
                    22.3204156
                ]
            }
        },
        {
            "type": "Feature",
            "properties": {
                "name": "添馬",
                "nameEn": "Tamar",
                "nameZh": "添馬",
                "place": "neighbourhood"
            },
            "geometry": {
                "type": "Point",
                "coordinates": [
                    114.1658917,
                    22.2819701
                ]
            }
        },
        {
            "type": "Feature",
            "properties": {
                "name": "西徑村",
                "nameEn": "Sai Keng Village",
                "nameZh": "西徑村",
                "place": "village"
            },
            "geometry": {
                "type": "Point",
                "coordinates": [
                    114.2672332,
                    22.4186065
                ]
            }
        },
        {
            "type": "Feature",
            "properties": {
                "name": "井頭村",
                "nameEn": "Tseng Tau Village",
                "nameZh": "井頭村",
                "place": "village"
            },
            "geometry": {
                "type": "Point",
                "coordinates": [
                    114.2693666,
                    22.427404
                ]
            }
        },
        {
            "type": "Feature",
            "properties": {
                "name": "上碗窰村",
                "nameEn": "Sheung Wun Yiu Village",
                "nameZh": "上碗窰村",
                "place": "village"
            },
            "geometry": {
                "type": "Point",
                "coordinates": [
                    114.1633466,
                    22.4365585
                ]
            }
        },
        {
            "type": "Feature",
            "properties": {
                "name": "汀九",
                "nameEn": "Ting Kau",
                "nameZh": "汀九",
                "place": "suburb"
            },
            "geometry": {
                "type": "Point",
                "coordinates": [
                    114.0785595,
                    22.3692331
                ]
            }
        },
        {
            "type": "Feature",
            "properties": {
                "name": "佛堂澳",
                "nameEn": "Fat Tong O",
                "nameZh": "佛堂澳",
                "place": "suburb"
            },
            "geometry": {
                "type": "Point",
                "coordinates": [
                    114.2739223,
                    22.2681892
                ]
            }
        },
        {
            "type": "Feature",
            "properties": {
                "name": "沙埔村",
                "nameEn": "Sha Po Tsuen",
                "nameZh": "沙埔村",
                "place": "village"
            },
            "geometry": {
                "type": "Point",
                "coordinates": [
                    114.05533,
                    22.45357
                ]
            }
        },
        {
            "type": "Feature",
            "properties": {
                "name": "小蠔灣",
                "nameEn": "Siu Ho Wan",
                "nameZh": "小蠔灣",
                "place": "suburb"
            },
            "geometry": {
                "type": "Point",
                "coordinates": [
                    113.9968373,
                    22.3122657
                ]
            }
        },
        {
            "type": "Feature",
            "properties": {
                "name": "堅尼地城",
                "nameEn": "Kennedy Town",
                "nameZh": "堅尼地城",
                "place": "suburb"
            },
            "geometry": {
                "type": "Point",
                "coordinates": [
                    114.1284168,
                    22.2824348
                ]
            }
        },
        {
            "type": "Feature",
            "properties": {
                "name": "泥圍村",
                "nameEn": "Nai Wai Village",
                "nameZh": "泥圍村",
                "place": "village"
            },
            "geometry": {
                "type": "Point",
                "coordinates": [
                    113.9886731,
                    22.4232647
                ]
            }
        },
        {
            "type": "Feature",
            "properties": {
                "name": "西貢",
                "nameEn": "Sai Kung",
                "nameZh": "西貢",
                "place": "town"
            },
            "geometry": {
                "type": "Point",
                "coordinates": [
                    114.2728277,
                    22.3822489
                ]
            }
        },
        {
            "type": "Feature",
            "properties": {
                "name": "顯田村",
                "nameEn": "Hin Tin Village",
                "nameZh": "顯田村",
                "place": "village"
            },
            "geometry": {
                "type": "Point",
                "coordinates": [
                    114.1727721,
                    22.3623025
                ]
            }
        },
        {
            "type": "Feature",
            "properties": {
                "name": "小瀝源",
                "nameEn": "Siu Lek Yuen",
                "nameZh": "小瀝源",
                "place": "suburb"
            },
            "geometry": {
                "type": "Point",
                "coordinates": [
                    114.2165218,
                    22.3818388
                ]
            }
        },
        {
            "type": "Feature",
            "properties": {
                "name": "石門",
                "nameEn": "Shek Mun",
                "nameZh": "石門",
                "place": "suburb"
            },
            "geometry": {
                "type": "Point",
                "coordinates": [
                    114.2089872,
                    22.389705
                ]
            }
        },
        {
            "type": "Feature",
            "properties": {
                "name": "啟德",
                "nameEn": "Kai Tak",
                "nameZh": "啟德",
                "place": "suburb"
            },
            "geometry": {
                "type": "Point",
                "coordinates": [
                    114.1986543,
                    22.3281149
                ]
            }
        },
        {
            "type": "Feature",
            "properties": {
                "name": "油塘",
                "nameEn": "Yau Tong",
                "nameZh": "油塘",
                "place": "suburb"
            },
            "geometry": {
                "type": "Point",
                "coordinates": [
                    114.237831,
                    22.2986711
                ]
            }
        },
        {
            "type": "Feature",
            "properties": {
                "name": "水尾村",
                "nameEn": "Shui Mei Tsuen",
                "nameZh": "水尾村",
                "place": "village"
            },
            "geometry": {
                "type": "Point",
                "coordinates": [
                    114.0617537,
                    22.4473951
                ]
            }
        },
        {
            "type": "Feature",
            "properties": {
                "name": "水頭村",
                "nameEn": "Shui Tau Tsuen",
                "nameZh": "水頭村",
                "place": "village"
            },
            "geometry": {
                "type": "Point",
                "coordinates": [
                    114.0613565,
                    22.4457292
                ]
            }
        },
        {
            "type": "Feature",
            "properties": {
                "name": "川龍村",
                "nameEn": "Chuen Lung Village",
                "nameZh": "川龍村",
                "place": "village"
            },
            "geometry": {
                "type": "Point",
                "coordinates": [
                    114.1094059,
                    22.3948042
                ]
            }
        },
        {
            "type": "Feature",
            "properties": {
                "name": "坪輋",
                "nameEn": "Ping Che",
                "nameZh": "坪輋",
                "place": "village"
            },
            "geometry": {
                "type": "Point",
                "coordinates": [
                    114.1625031,
                    22.5254728
                ]
            }
        },
        {
            "type": "Feature",
            "properties": {
                "name": "何文田",
                "nameEn": "Ho Man Tin",
                "nameZh": "何文田",
                "place": "suburb"
            },
            "geometry": {
                "type": "Point",
                "coordinates": [
                    114.1800713,
                    22.3159018
                ]
            }
        },
        {
            "type": "Feature",
            "properties": {
                "name": "深井",
                "nameEn": "Sham Tseng",
                "nameZh": "深井",
                "place": "suburb"
            },
            "geometry": {
                "type": "Point",
                "coordinates": [
                    114.0597802,
                    22.3676522
                ]
            }
        },
        {
            "type": "Feature",
            "properties": {
                "name": "鑽石山",
                "nameEn": "Diamond Hill",
                "nameZh": "鑽石山",
                "place": "suburb"
            },
            "geometry": {
                "type": "Point",
                "coordinates": [
                    114.2050982,
                    22.3452225
                ]
            }
        },
        {
            "type": "Feature",
            "properties": {
                "name": "黃大仙",
                "nameEn": "Wong Tai Sin",
                "nameZh": "黃大仙",
                "place": "suburb"
            },
            "geometry": {
                "type": "Point",
                "coordinates": [
                    114.1943877,
                    22.3420635
                ]
            }
        },
        {
            "type": "Feature",
            "properties": {
                "name": "大水坑村",
                "nameEn": "Tai Shui Hang Village",
                "nameZh": "大水坑村",
                "place": "village"
            },
            "geometry": {
                "type": "Point",
                "coordinates": [
                    114.2239767,
                    22.4064592
                ]
            }
        },
        {
            "type": "Feature",
            "properties": {
                "name": "白沙頭洲",
                "nameEn": "Pak Sha Tau Chau",
                "nameZh": "白沙頭洲",
                "place": "quarter"
            },
            "geometry": {
                "type": "Point",
                "coordinates": [
                    114.2508803,
                    22.4547245
                ]
            }
        },
        {
            "type": "Feature",
            "properties": {
                "name": "田心",
                "nameEn": "Tin Sam",
                "nameZh": "田心",
                "place": "village"
            },
            "geometry": {
                "type": "Point",
                "coordinates": [
                    114.1785184,
                    22.3698474
                ]
            }
        },
        {
            "type": "Feature",
            "properties": {
                "name": "馬料水",
                "nameEn": "Ma Liu Shui",
                "nameZh": "馬料水",
                "place": "suburb"
            },
            "geometry": {
                "type": "Point",
                "coordinates": [
                    114.2103415,
                    22.4169693
                ]
            }
        },
        {
            "type": "Feature",
            "properties": {
                "name": "曾咀",
                "nameEn": "Tsang Tsui",
                "nameZh": "曾咀",
                "place": "suburb"
            },
            "geometry": {
                "type": "Point",
                "coordinates": [
                    113.9211665,
                    22.4174696
                ]
            }
        },
        {
            "type": "Feature",
            "properties": {
                "name": "牙鷹洲",
                "nameEn": "Cap Island",
                "nameZh": "牙鷹洲",
                "place": "neighbourhood"
            },
            "geometry": {
                "type": "Point",
                "coordinates": [
                    114.1069029,
                    22.3613847
                ]
            }
        },
        {
            "type": "Feature",
            "properties": {
                "name": "聯和墟",
                "nameEn": "Luen Wo Hui",
                "nameZh": "聯和墟",
                "place": "quarter"
            },
            "geometry": {
                "type": "Point",
                "coordinates": [
                    114.1429915,
                    22.4997415
                ]
            }
        },
        {
            "type": "Feature",
            "properties": {
                "name": "安樂村工業區",
                "nameEn": "On Lok Tsuen Industrial Area",
                "nameZh": "安樂村工業區",
                "place": "quarter"
            },
            "geometry": {
                "type": "Point",
                "coordinates": [
                    114.1444424,
                    22.4958221
                ]
            }
        },
        {
            "type": "Feature",
            "properties": {
                "name": "粉嶺",
                "nameEn": "Fanling",
                "nameZh": "粉嶺",
                "place": "town"
            },
            "geometry": {
                "type": "Point",
                "coordinates": [
                    114.1382744,
                    22.4946255
                ]
            }
        },
        {
            "type": "Feature",
            "properties": {
                "name": "淺水灣",
                "nameEn": "Repulse Bay",
                "nameZh": "淺水灣",
                "place": "suburb"
            },
            "geometry": {
                "type": "Point",
                "coordinates": [
                    114.1963176,
                    22.2381085
                ]
            }
        },
        {
            "type": "Feature",
            "properties": {
                "name": "元朗舊墟",
                "nameEn": "Yuen Long Kau Hui",
                "nameZh": "元朗舊墟",
                "place": "quarter"
            },
            "geometry": {
                "type": "Point",
                "coordinates": [
                    114.0325616,
                    22.4476501
                ]
            }
        },
        {
            "type": "Feature",
            "properties": {
                "name": "水田村",
                "nameEn": "Shui Tin Tsuen",
                "nameZh": "水田村",
                "place": "neighbourhood"
            },
            "geometry": {
                "type": "Point",
                "coordinates": [
                    114.0208899,
                    22.4482903
                ]
            }
        },
        {
            "type": "Feature",
            "properties": {
                "name": "水邊村",
                "nameEn": "Shui Pin Village",
                "nameZh": "水邊村",
                "place": "village"
            },
            "geometry": {
                "type": "Point",
                "coordinates": [
                    114.0206239,
                    22.4440094
                ]
            }
        },
        {
            "type": "Feature",
            "properties": {
                "name": "鳳池村",
                "nameEn": "Fung Chi Tsuen",
                "nameZh": "鳳池村",
                "place": "neighbourhood"
            },
            "geometry": {
                "type": "Point",
                "coordinates": [
                    114.0199007,
                    22.4477419
                ]
            }
        },
        {
            "type": "Feature",
            "properties": {
                "name": "橫洲楊屋村",
                "nameEn": "Wang Chau Yeung Uk Tsuen",
                "nameZh": "橫洲楊屋村",
                "place": "neighbourhood"
            },
            "geometry": {
                "type": "Point",
                "coordinates": [
                    114.0262629,
                    22.4522139
                ]
            }
        },
        {
            "type": "Feature",
            "properties": {
                "name": "橫洲西頭圍",
                "nameEn": "Wang Chau Sai Tau Wai",
                "nameZh": "橫洲西頭圍",
                "place": "neighbourhood"
            },
            "geometry": {
                "type": "Point",
                "coordinates": [
                    114.0248896,
                    22.4532451
                ]
            }
        },
        {
            "type": "Feature",
            "properties": {
                "name": "東頭圍新村",
                "nameEn": "Tung Tau Wai San Tsuen",
                "nameZh": "東頭圍新村",
                "place": "neighbourhood"
            },
            "geometry": {
                "type": "Point",
                "coordinates": [
                    114.0290414,
                    22.4543896
                ]
            }
        },
        {
            "type": "Feature",
            "properties": {
                "name": "橫洲林屋村",
                "nameEn": "Wang Chau Lam Uk Tsuen",
                "nameZh": "橫洲林屋村",
                "place": "neighbourhood"
            },
            "geometry": {
                "type": "Point",
                "coordinates": [
                    114.0271534,
                    22.4533839
                ]
            }
        },
        {
            "type": "Feature",
            "properties": {
                "name": "橫洲東頭圍",
                "nameEn": "Wang Chau Tung Tau Wai",
                "nameZh": "橫洲東頭圍",
                "place": "neighbourhood"
            },
            "geometry": {
                "type": "Point",
                "coordinates": [
                    114.0279473,
                    22.4543556
                ]
            }
        },
        {
            "type": "Feature",
            "properties": {
                "name": "福慶村",
                "nameEn": "Fuk Hing Tsuen",
                "nameZh": "福慶村",
                "place": "neighbourhood"
            },
            "geometry": {
                "type": "Point",
                "coordinates": [
                    114.0265863,
                    22.4548053
                ]
            }
        },
        {
            "type": "Feature",
            "properties": {
                "name": "橫洲忠心圍",
                "nameEn": "Wang Chau Chung Sam Wai",
                "nameZh": "橫洲忠心圍",
                "place": "neighbourhood"
            },
            "geometry": {
                "type": "Point",
                "coordinates": [
                    114.0270139,
                    22.4539794
                ]
            }
        },
        {
            "type": "Feature",
            "properties": {
                "name": "山貝涌口村",
                "nameEn": "Shan Pui Chung Hau Tsuen",
                "nameZh": "山貝涌口村",
                "place": "neighbourhood"
            },
            "geometry": {
                "type": "Point",
                "coordinates": [
                    114.0305241,
                    22.4536653
                ]
            }
        },
        {
            "type": "Feature",
            "properties": {
                "name": "羅湖村",
                "nameEn": "Lo Wu Village",
                "nameZh": "羅湖村",
                "place": "village"
            },
            "geometry": {
                "type": "Point",
                "coordinates": [
                    114.1142734,
                    22.5292045
                ]
            }
        },
        {
            "type": "Feature",
            "properties": {
                "name": "土瓜灣",
                "nameEn": "To Kwa Wan",
                "nameZh": "土瓜灣",
                "place": "suburb"
            },
            "geometry": {
                "type": "Point",
                "coordinates": [
                    114.1895402,
                    22.3167582
                ]
            }
        },
        {
            "type": "Feature",
            "properties": {
                "name": "牛頭角",
                "nameEn": "Ngau Tau Kok",
                "nameZh": "牛頭角",
                "place": "suburb"
            },
            "geometry": {
                "type": "Point",
                "coordinates": [
                    114.2178102,
                    22.3191529
                ]
            }
        },
        {
            "type": "Feature",
            "properties": {
                "name": "九龍灣",
                "nameEn": "Kowloon Bay",
                "nameZh": "九龍灣",
                "place": "suburb"
            },
            "geometry": {
                "type": "Point",
                "coordinates": [
                    114.2089541,
                    22.3249335
                ]
            }
        },
        {
            "type": "Feature",
            "properties": {
                "name": "觀塘",
                "nameEn": "Kwun Tong",
                "nameZh": "觀塘",
                "place": "suburb"
            },
            "geometry": {
                "type": "Point",
                "coordinates": [
                    114.22561,
                    22.312937
                ]
            }
        },
        {
            "type": "Feature",
            "properties": {
                "name": "九龍城",
                "nameEn": "Kowloon City",
                "nameZh": "九龍城",
                "place": "suburb"
            },
            "geometry": {
                "type": "Point",
                "coordinates": [
                    114.1899368,
                    22.3301595
                ]
            }
        },
        {
            "type": "Feature",
            "properties": {
                "name": "筲箕灣",
                "nameEn": "Shau Kei Wan",
                "nameZh": "筲箕灣",
                "place": "suburb"
            },
            "geometry": {
                "type": "Point",
                "coordinates": [
                    114.2288978,
                    22.279343
                ]
            }
        },
        {
            "type": "Feature",
            "properties": {
                "name": "沙嶺",
                "nameEn": "Sandy Ridge",
                "nameZh": "沙嶺",
                "place": "quarter"
            },
            "geometry": {
                "type": "Point",
                "coordinates": [
                    114.117549,
                    22.5276403
                ]
            }
        },
        {
            "type": "Feature",
            "properties": {
                "name": "南涌張屋",
                "nameEn": "Nam Chung Cheung Uk",
                "nameZh": "南涌張屋",
                "place": "neighbourhood"
            },
            "geometry": {
                "type": "Point",
                "coordinates": [
                    114.2106659,
                    22.5222255
                ]
            }
        },
        {
            "type": "Feature",
            "properties": {
                "name": "鹿頸林屋",
                "nameEn": "Luk Keng Lam Uk",
                "nameZh": "鹿頸林屋",
                "place": "neighbourhood"
            },
            "geometry": {
                "type": "Point",
                "coordinates": [
                    114.2106901,
                    22.5171295
                ]
            }
        },
        {
            "type": "Feature",
            "properties": {
                "name": "鹿頸陳屋",
                "nameEn": "Luk Keng Chan Uk",
                "nameZh": "鹿頸陳屋",
                "place": "neighbourhood"
            },
            "geometry": {
                "type": "Point",
                "coordinates": [
                    114.2161692,
                    22.5190996
                ]
            }
        },
        {
            "type": "Feature",
            "properties": {
                "name": "谷埔",
                "nameEn": "Kuk Po",
                "nameZh": "谷埔",
                "place": "suburb"
            },
            "geometry": {
                "type": "Point",
                "coordinates": [
                    114.2366244,
                    22.5275658
                ]
            }
        },
        {
            "type": "Feature",
            "properties": {
                "name": "大赤沙",
                "nameEn": "Tai Chik Sha",
                "nameZh": "大赤沙",
                "place": "suburb"
            },
            "geometry": {
                "type": "Point",
                "coordinates": [
                    114.2725678,
                    22.2894447
                ]
            }
        },
        {
            "type": "Feature",
            "properties": {
                "name": "小赤沙",
                "nameEn": "Siu Chik Sha",
                "nameZh": "小赤沙",
                "place": "suburb"
            },
            "geometry": {
                "type": "Point",
                "coordinates": [
                    114.2727092,
                    22.2958755
                ]
            }
        },
        {
            "type": "Feature",
            "properties": {
                "name": "百勝角",
                "nameEn": "Pak Shing Kok",
                "nameZh": "百勝角",
                "place": "suburb"
            },
            "geometry": {
                "type": "Point",
                "coordinates": [
                    114.2703498,
                    22.3081476
                ]
            }
        },
        {
            "type": "Feature",
            "properties": {
                "name": "稔灣",
                "nameEn": "Nim Wan",
                "nameZh": "稔灣",
                "place": "suburb"
            },
            "geometry": {
                "type": "Point",
                "coordinates": [
                    113.9354673,
                    22.4186514
                ]
            }
        },
        {
            "type": "Feature",
            "properties": {
                "name": "湧浪",
                "nameEn": "Yung Long",
                "nameZh": "湧浪",
                "place": "quarter"
            },
            "geometry": {
                "type": "Point",
                "coordinates": [
                    113.910401,
                    22.4109879
                ]
            }
        },
        {
            "type": "Feature",
            "properties": {
                "name": "望后石",
                "nameEn": "Pillar Point",
                "nameZh": "望后石",
                "place": "suburb"
            },
            "geometry": {
                "type": "Point",
                "coordinates": [
                    113.9416635,
                    22.3646809
                ]
            }
        },
        {
            "type": "Feature",
            "properties": {
                "name": "小冷水",
                "nameEn": "Siu Lang Shui",
                "nameZh": "小冷水",
                "place": "suburb"
            },
            "geometry": {
                "type": "Point",
                "coordinates": [
                    113.9368583,
                    22.3717563
                ]
            }
        },
        {
            "type": "Feature",
            "properties": {
                "name": "林村谷",
                "nameEn": "Lam Tsuen Valley",
                "nameZh": "林村谷",
                "place": "suburb"
            },
            "geometry": {
                "type": "Point",
                "coordinates": [
                    114.1371507,
                    22.4508803
                ]
            }
        },
        {
            "type": "Feature",
            "properties": {
                "name": "大埔舊墟",
                "nameEn": "Tai Po Old Market",
                "nameZh": "大埔舊墟",
                "place": "quarter"
            },
            "geometry": {
                "type": "Point",
                "coordinates": [
                    114.1648135,
                    22.4537081
                ]
            }
        },
        {
            "type": "Feature",
            "properties": {
                "name": "油麻地",
                "nameEn": "Yau Ma Tei",
                "nameZh": "油麻地",
                "place": "suburb"
            },
            "geometry": {
                "type": "Point",
                "coordinates": [
                    114.169986,
                    22.3101454
                ]
            }
        },
        {
            "type": "Feature",
            "properties": {
                "name": "大角咀",
                "nameEn": "Tai Kok Tsui",
                "nameZh": "大角咀",
                "place": "suburb"
            },
            "geometry": {
                "type": "Point",
                "coordinates": [
                    114.1603513,
                    22.3207508
                ]
            }
        },
        {
            "type": "Feature",
            "properties": {
                "name": "錦田",
                "nameEn": "Kam Tin",
                "nameZh": "錦田",
                "place": "suburb"
            },
            "geometry": {
                "type": "Point",
                "coordinates": [
                    114.0654905,
                    22.4392714
                ]
            }
        },
        {
            "type": "Feature",
            "properties": {
                "name": "大埔墟",
                "nameEn": "Tai Po Market",
                "nameZh": "大埔墟",
                "place": "quarter"
            },
            "geometry": {
                "type": "Point",
                "coordinates": [
                    114.165351,
                    22.448625
                ]
            }
        },
        {
            "type": "Feature",
            "properties": {
                "name": "荔枝角",
                "nameEn": "Lai Chi Kok",
                "nameZh": "荔枝角",
                "place": "suburb"
            },
            "geometry": {
                "type": "Point",
                "coordinates": [
                    114.1420691,
                    22.3370495
                ]
            }
        },
        {
            "type": "Feature",
            "properties": {
                "name": "汀角村",
                "nameEn": "Ting Kok Village",
                "nameZh": "汀角村",
                "place": "village"
            },
            "geometry": {
                "type": "Point",
                "coordinates": [
                    114.2193946,
                    22.4728279
                ]
            }
        },
        {
            "type": "Feature",
            "properties": {
                "name": "三門仔",
                "nameEn": "Sam Mun Tsai",
                "nameZh": "三門仔",
                "place": "quarter"
            },
            "geometry": {
                "type": "Point",
                "coordinates": [
                    114.2144164,
                    22.4562653
                ]
            }
        },
        {
            "type": "Feature",
            "properties": {
                "name": "運頭角",
                "nameEn": "Wan Tau Kok",
                "nameZh": "運頭角",
                "place": "quarter"
            },
            "geometry": {
                "type": "Point",
                "coordinates": [
                    114.1703355,
                    22.4467994
                ]
            }
        },
        {
            "type": "Feature",
            "properties": {
                "name": "運頭塘",
                "nameEn": "Wan Tau Tong",
                "nameZh": "運頭塘",
                "place": "quarter"
            },
            "geometry": {
                "type": "Point",
                "coordinates": [
                    114.1687021,
                    22.4418166
                ]
            }
        },
        {
            "type": "Feature",
            "properties": {
                "name": "烏溪沙村",
                "nameEn": "Wu Kai Sha Village",
                "nameZh": "烏溪沙村",
                "place": "village"
            },
            "geometry": {
                "type": "Point",
                "coordinates": [
                    114.2401414,
                    22.4283781
                ]
            }
        },
        {
            "type": "Feature",
            "properties": {
                "name": "昂船洲",
                "nameEn": "Stonecutters Island",
                "nameZh": "昂船洲",
                "place": "suburb"
            },
            "geometry": {
                "type": "Point",
                "coordinates": [
                    114.1383171,
                    22.3219132
                ]
            }
        },
        {
            "type": "Feature",
            "properties": {
                "name": "藍地",
                "nameEn": "Lam Tei",
                "nameZh": "藍地",
                "place": "suburb"
            },
            "geometry": {
                "type": "Point",
                "coordinates": [
                    113.9853796,
                    22.4217422
                ]
            }
        },
        {
            "type": "Feature",
            "properties": {
                "name": "雞地",
                "nameEn": "Kai Tei",
                "nameZh": "雞地",
                "place": "quarter"
            },
            "geometry": {
                "type": "Point",
                "coordinates": [
                    114.0378047,
                    22.4437837
                ]
            }
        },
        {
            "type": "Feature",
            "properties": {
                "name": "凹頭",
                "nameEn": "Au Tau",
                "nameZh": "凹頭",
                "place": "suburb"
            },
            "geometry": {
                "type": "Point",
                "coordinates": [
                    114.0457888,
                    22.4451299
                ]
            }
        },
        {
            "type": "Feature",
            "properties": {
                "name": "八鄉",
                "nameEn": "Pat Heung",
                "nameZh": "八鄉",
                "place": "suburb"
            },
            "geometry": {
                "type": "Point",
                "coordinates": [
                    114.0915473,
                    22.4367237
                ]
            }
        },
        {
            "type": "Feature",
            "properties": {
                "name": "唐人新村",
                "nameEn": "Tong Yan San Tsuen",
                "nameZh": "唐人新村",
                "place": "village"
            },
            "geometry": {
                "type": "Point",
                "coordinates": [
                    114.0108031,
                    22.4400477
                ]
            }
        },
        {
            "type": "Feature",
            "properties": {
                "name": "十八鄉",
                "nameEn": "Shap Pat Heung",
                "nameZh": "十八鄉",
                "place": "suburb"
            },
            "geometry": {
                "type": "Point",
                "coordinates": [
                    114.0297891,
                    22.4281307
                ]
            }
        },
        {
            "type": "Feature",
            "properties": {
                "name": "大埔",
                "nameEn": "Tai Po",
                "nameZh": "大埔",
                "place": "town"
            },
            "geometry": {
                "type": "Point",
                "coordinates": [
                    114.1711328,
                    22.4494017
                ]
            }
        },
        {
            "type": "Feature",
            "properties": {
                "name": "泰亨",
                "nameEn": "Tai Hang",
                "nameZh": "泰亨",
                "place": "suburb"
            },
            "geometry": {
                "type": "Point",
                "coordinates": [
                    114.1519472,
                    22.4688195
                ]
            }
        },
        {
            "type": "Feature",
            "properties": {
                "name": "大棠村",
                "nameEn": "Tai Tong Tsuen",
                "nameZh": "大棠村",
                "place": "village"
            },
            "geometry": {
                "type": "Point",
                "coordinates": [
                    114.0238574,
                    22.4173664
                ]
            }
        },
        {
            "type": "Feature",
            "properties": {
                "name": "大水坑",
                "nameEn": "Tai Shui Hang",
                "nameZh": "大水坑",
                "place": "suburb"
            },
            "geometry": {
                "type": "Point",
                "coordinates": [
                    114.0200174,
                    22.2803704
                ]
            }
        },
        {
            "type": "Feature",
            "properties": {
                "name": "洪水橋",
                "nameEn": "Hung Shui Kiu",
                "nameZh": "洪水橋",
                "place": "suburb"
            },
            "geometry": {
                "type": "Point",
                "coordinates": [
                    113.9966355,
                    22.4332631
                ]
            }
        },
        {
            "type": "Feature",
            "properties": {
                "name": "鴨脷洲",
                "nameEn": "Ap Lei Chau",
                "nameZh": "鴨脷洲",
                "place": "suburb"
            },
            "geometry": {
                "type": "Point",
                "coordinates": [
                    114.1532563,
                    22.2420843
                ]
            }
        },
        {
            "type": "Feature",
            "properties": {
                "name": "深水埗",
                "nameEn": "Sham Shui Po",
                "nameZh": "深水埗",
                "place": "suburb"
            },
            "geometry": {
                "type": "Point",
                "coordinates": [
                    114.160851,
                    22.329757
                ]
            }
        },
        {
            "type": "Feature",
            "properties": {
                "name": "大欖涌村",
                "nameEn": "Tai Lam Chung Village",
                "nameZh": "大欖涌村",
                "place": "village"
            },
            "geometry": {
                "type": "Point",
                "coordinates": [
                    114.0221501,
                    22.3648128
                ]
            }
        },
        {
            "type": "Feature",
            "properties": {
                "name": "良田村",
                "nameEn": "Leung Tin Village",
                "nameZh": "良田村",
                "place": "village"
            },
            "geometry": {
                "type": "Point",
                "coordinates": [
                    113.9785651,
                    22.3989282
                ]
            }
        },
        {
            "type": "Feature",
            "properties": {
                "name": "新墟村",
                "nameEn": "San Hui Village",
                "nameZh": "新墟村",
                "place": "village"
            },
            "geometry": {
                "type": "Point",
                "coordinates": [
                    113.9792657,
                    22.4011982
                ]
            }
        },
        {
            "type": "Feature",
            "properties": {
                "name": "井頭中村",
                "nameEn": "Tseng Tau Chung Tsuen",
                "nameZh": "井頭中村",
                "place": "village"
            },
            "geometry": {
                "type": "Point",
                "coordinates": [
                    113.9792891,
                    22.3979766
                ]
            }
        },
        {
            "type": "Feature",
            "properties": {
                "name": "下徑口",
                "nameEn": "Ha Keng Hau",
                "nameZh": "下徑口",
                "place": "village"
            },
            "geometry": {
                "type": "Point",
                "coordinates": [
                    114.1778666,
                    22.365578
                ]
            }
        },
        {
            "type": "Feature",
            "properties": {
                "name": "上徑口",
                "nameEn": "Sheung Keng Hau",
                "nameZh": "上徑口",
                "place": "village"
            },
            "geometry": {
                "type": "Point",
                "coordinates": [
                    114.1743401,
                    22.363908
                ]
            }
        },
        {
            "type": "Feature",
            "properties": {
                "name": "大圍新村",
                "nameEn": "Tai Wai New Village",
                "nameZh": "大圍新村",
                "place": "village"
            },
            "geometry": {
                "type": "Point",
                "coordinates": [
                    114.174692,
                    22.3740101
                ]
            }
        },
        {
            "type": "Feature",
            "properties": {
                "name": "銅鑼灣",
                "nameEn": "Tung Lo Wan",
                "nameZh": "銅鑼灣",
                "place": "village"
            },
            "geometry": {
                "type": "Point",
                "coordinates": [
                    114.1800878,
                    22.3810311
                ]
            }
        },
        {
            "type": "Feature",
            "properties": {
                "name": "鳳凰新村",
                "nameEn": "Fung Wong New Village",
                "nameZh": "鳳凰新村",
                "place": "neighbourhood"
            },
            "geometry": {
                "type": "Point",
                "coordinates": [
                    114.1975346,
                    22.3441573
                ]
            }
        },
        {
            "type": "Feature",
            "properties": {
                "name": "南灣",
                "nameEn": "Nam Wan",
                "nameZh": "南灣",
                "place": "neighbourhood"
            },
            "geometry": {
                "type": "Point",
                "coordinates": [
                    114.0937303,
                    22.3400097
                ]
            }
        },
        {
            "type": "Feature",
            "properties": {
                "name": "金竹角",
                "nameEn": "Kam Chuk Kok",
                "nameZh": "金竹角",
                "place": "neighbourhood"
            },
            "geometry": {
                "type": "Point",
                "coordinates": [
                    114.0864022,
                    22.3455274
                ]
            }
        },
        {
            "type": "Feature",
            "properties": {
                "name": "茶果嶺村",
                "nameEn": "Cha Kwo Ling Village",
                "nameZh": "茶果嶺村",
                "place": "village"
            },
            "geometry": {
                "type": "Point",
                "coordinates": [
                    114.2283352,
                    22.3011207
                ]
            }
        },
        {
            "type": "Feature",
            "properties": {
                "name": "光板田村",
                "nameEn": "Kwong Pan Tin Village",
                "nameZh": "光板田村",
                "place": "quarter"
            },
            "geometry": {
                "type": "Point",
                "coordinates": [
                    114.1114473,
                    22.3829441
                ]
            }
        },
        {
            "type": "Feature",
            "properties": {
                "name": "白田壩村",
                "nameEn": "Pak Tin Pa Tsuen",
                "nameZh": "白田壩村",
                "place": "village"
            },
            "geometry": {
                "type": "Point",
                "coordinates": [
                    114.1206886,
                    22.3771748
                ]
            }
        },
        {
            "type": "Feature",
            "properties": {
                "name": "油柑頭",
                "nameEn": "Yau Kom Tau",
                "nameZh": "油柑頭",
                "place": "suburb"
            },
            "geometry": {
                "type": "Point",
                "coordinates": [
                    114.0918566,
                    22.3703311
                ]
            }
        },
        {
            "type": "Feature",
            "properties": {
                "name": "坑尾村",
                "nameEn": "Hang Mei Tsuen",
                "nameZh": "坑尾村",
                "place": "village"
            },
            "geometry": {
                "type": "Point",
                "coordinates": [
                    114.0083832,
                    22.444304
                ]
            }
        },
        {
            "type": "Feature",
            "properties": {
                "name": "坑頭村",
                "nameEn": "Hang Tau Tsuen",
                "nameZh": "坑頭村",
                "place": "village"
            },
            "geometry": {
                "type": "Point",
                "coordinates": [
                    114.0084204,
                    22.4456388
                ]
            }
        },
        {
            "type": "Feature",
            "properties": {
                "name": "山貝村",
                "nameEn": "Shan Pui Village",
                "nameZh": "山貝村",
                "place": "village"
            },
            "geometry": {
                "type": "Point",
                "coordinates": [
                    114.0363881,
                    22.4525276
                ]
            }
        },
        {
            "type": "Feature",
            "properties": {
                "name": "大橋村",
                "nameEn": "Tai Kiu Village",
                "nameZh": "大橋村",
                "place": "village"
            },
            "geometry": {
                "type": "Point",
                "coordinates": [
                    114.0267341,
                    22.4467118
                ]
            }
        },
        {
            "type": "Feature",
            "properties": {
                "name": "塘坊村",
                "nameEn": "Tong Fong Tsuen",
                "nameZh": "塘坊村",
                "place": "village"
            },
            "geometry": {
                "type": "Point",
                "coordinates": [
                    114.0077385,
                    22.4425484
                ]
            }
        },
        {
            "type": "Feature",
            "properties": {
                "name": "將軍澳村",
                "nameEn": "Tseung Kwan O Village",
                "nameZh": "將軍澳村",
                "place": "village"
            },
            "geometry": {
                "type": "Point",
                "coordinates": [
                    114.2501499,
                    22.3266799
                ]
            }
        },
        {
            "type": "Feature",
            "properties": {
                "name": "沙頭",
                "nameEn": "Sha Tau",
                "nameZh": "沙頭",
                "place": "village"
            },
            "geometry": {
                "type": "Point",
                "coordinates": [
                    114.4360089,
                    22.5408257
                ]
            }
        },
        {
            "type": "Feature",
            "properties": {
                "name": "鍾屋村",
                "nameEn": "Chung Uk Tsuen",
                "nameZh": "鍾屋村",
                "place": "village"
            },
            "geometry": {
                "type": "Point",
                "coordinates": [
                    114.1413206,
                    22.4557122
                ]
            }
        },
        {
            "type": "Feature",
            "properties": {
                "name": "新屋仔村",
                "nameEn": "San Uk Tsai Village",
                "nameZh": "新屋仔村",
                "place": "village"
            },
            "geometry": {
                "type": "Point",
                "coordinates": [
                    114.1402378,
                    22.4550537
                ]
            }
        },
        {
            "type": "Feature",
            "properties": {
                "name": "社山村",
                "nameEn": "She Shan Village",
                "nameZh": "社山村",
                "place": "village"
            },
            "geometry": {
                "type": "Point",
                "coordinates": [
                    114.1442568,
                    22.4499371
                ]
            }
        },
        {
            "type": "Feature",
            "properties": {
                "name": "灣仔",
                "nameEn": "Wan Tsai",
                "nameZh": "灣仔",
                "place": "suburb"
            },
            "geometry": {
                "type": "Point",
                "coordinates": [
                    114.3415425,
                    22.4722492
                ]
            }
        },
        {
            "type": "Feature",
            "properties": {
                "name": "河背",
                "nameEn": "Ho Pui",
                "nameZh": "河背",
                "place": "village"
            },
            "geometry": {
                "type": "Point",
                "coordinates": [
                    114.0673469,
                    22.4132882
                ]
            }
        },
        {
            "type": "Feature",
            "properties": {
                "name": "青龍頭",
                "nameEn": "Tsing Lung Tau",
                "nameZh": "青龍頭",
                "place": "suburb"
            },
            "geometry": {
                "type": "Point",
                "coordinates": [
                    114.0453034,
                    22.362387
                ]
            }
        },
        {
            "type": "Feature",
            "properties": {
                "name": "大王下村",
                "nameEn": "Tai Wong Ha Resite Village",
                "nameZh": "大王下村",
                "place": "village"
            },
            "geometry": {
                "type": "Point",
                "coordinates": [
                    114.1009617,
                    22.354081
                ]
            }
        },
        {
            "type": "Feature",
            "properties": {
                "name": "鑊底灣",
                "nameEn": "Wok Tai Wan",
                "nameZh": "鑊底灣",
                "place": "neighbourhood"
            },
            "geometry": {
                "type": "Point",
                "coordinates": [
                    114.0815844,
                    22.3553653
                ]
            }
        },
        {
            "type": "Feature",
            "properties": {
                "name": "新蒲崗",
                "nameEn": "San Po Kong",
                "nameZh": "新蒲崗",
                "place": "suburb"
            },
            "geometry": {
                "type": "Point",
                "coordinates": [
                    114.1984071,
                    22.336665
                ]
            }
        },
        {
            "type": "Feature",
            "properties": {
                "name": "石梨頭",
                "nameEn": "Shek Lei Tau",
                "nameZh": "石梨頭",
                "place": "neighbourhood"
            },
            "geometry": {
                "type": "Point",
                "coordinates": [
                    114.1408386,
                    22.3493943
                ]
            }
        },
        {
            "type": "Feature",
            "properties": {
                "name": "長坑村",
                "nameEn": "Cheung Hang Village",
                "nameZh": "長坑村",
                "place": "village"
            },
            "geometry": {
                "type": "Point",
                "coordinates": [
                    114.1402841,
                    22.3507692
                ]
            }
        },
        {
            "type": "Feature",
            "properties": {
                "name": "田灣",
                "nameEn": "Tin Wan",
                "nameZh": "田灣",
                "place": "suburb"
            },
            "geometry": {
                "type": "Point",
                "coordinates": [
                    114.1492567,
                    22.2503404
                ]
            }
        },
        {
            "type": "Feature",
            "properties": {
                "name": "下黃宜坳村",
                "nameEn": "Ha Wong Yi Au Village",
                "nameZh": "下黃宜坳村",
                "place": "village"
            },
            "geometry": {
                "type": "Point",
                "coordinates": [
                    114.1757619,
                    22.4419266
                ]
            }
        },
        {
            "type": "Feature",
            "properties": {
                "name": "文錦渡",
                "nameEn": "Man Kam To",
                "nameZh": "文錦渡",
                "place": "suburb"
            },
            "geometry": {
                "type": "Point",
                "coordinates": [
                    114.1294537,
                    22.5390257
                ]
            }
        },
        {
            "type": "Feature",
            "properties": {
                "name": "渣甸山",
                "nameEn": "Jardine's Lookout",
                "nameZh": "渣甸山",
                "place": "suburb"
            },
            "geometry": {
                "type": "Point",
                "coordinates": [
                    114.1940671,
                    22.2694937
                ]
            }
        },
        {
            "type": "Feature",
            "properties": {
                "name": "京士柏",
                "nameEn": "King's Park",
                "nameZh": "京士柏",
                "place": "suburb"
            },
            "geometry": {
                "type": "Point",
                "coordinates": [
                    114.1742986,
                    22.3105718
                ]
            }
        },
        {
            "type": "Feature",
            "properties": {
                "name": "馬頭圍",
                "nameEn": "Ma Tau Wai",
                "nameZh": "馬頭圍",
                "place": "suburb"
            },
            "geometry": {
                "type": "Point",
                "coordinates": [
                    114.1868779,
                    22.3255442
                ]
            }
        },
        {
            "type": "Feature",
            "properties": {
                "name": "馬坑",
                "nameEn": "Ma Hang",
                "nameZh": "馬坑",
                "place": "quarter"
            },
            "geometry": {
                "type": "Point",
                "coordinates": [
                    114.2081984,
                    22.2205364
                ]
            }
        },
        {
            "type": "Feature",
            "properties": {
                "name": "薄扶林",
                "nameEn": "Pok Fu Lam",
                "nameZh": "薄扶林",
                "place": "suburb"
            },
            "geometry": {
                "type": "Point",
                "coordinates": [
                    114.1368109,
                    22.2613585
                ]
            }
        },
        {
            "type": "Feature",
            "properties": {
                "name": "九龍仔",
                "nameEn": "Kowloon Tsai",
                "nameZh": "九龍仔",
                "place": "suburb"
            },
            "geometry": {
                "type": "Point",
                "coordinates": [
                    114.1829728,
                    22.3332909
                ]
            }
        },
        {
            "type": "Feature",
            "properties": {
                "name": "長沙灣",
                "nameEn": "Cheung Sha Wan",
                "nameZh": "長沙灣",
                "place": "suburb"
            },
            "geometry": {
                "type": "Point",
                "coordinates": [
                    114.153727,
                    22.33719
                ]
            }
        },
        {
            "type": "Feature",
            "properties": {
                "name": "大窩坪",
                "nameEn": "Tai Wo Ping",
                "nameZh": "大窩坪",
                "place": "suburb"
            },
            "geometry": {
                "type": "Point",
                "coordinates": [
                    114.1654826,
                    22.3436893
                ]
            }
        },
        {
            "type": "Feature",
            "properties": {
                "name": "柴灣角",
                "nameEn": "Chai Wan Kok",
                "nameZh": "柴灣角",
                "place": "quarter"
            },
            "geometry": {
                "type": "Point",
                "coordinates": [
                    114.1077845,
                    22.3755682
                ]
            }
        },
        {
            "type": "Feature",
            "properties": {
                "name": "荃灣西約",
                "nameEn": "Tsuen Wan West",
                "nameZh": "荃灣西約",
                "place": "quarter"
            },
            "geometry": {
                "type": "Point",
                "coordinates": [
                    114.1007888,
                    22.3715211
                ]
            }
        },
        {
            "type": "Feature",
            "properties": {
                "name": "香粉寮",
                "nameEn": "Heung Fan Liu",
                "nameZh": "香粉寮",
                "place": "quarter"
            },
            "geometry": {
                "type": "Point",
                "coordinates": [
                    114.17014,
                    22.375564
                ]
            }
        },
        {
            "type": "Feature",
            "properties": {
                "name": "大窩口",
                "nameEn": "Tai Wo Hau",
                "nameZh": "大窩口",
                "place": "neighbourhood"
            },
            "geometry": {
                "type": "Point",
                "coordinates": [
                    114.1248496,
                    22.3677048
                ]
            }
        },
        {
            "type": "Feature",
            "properties": {
                "name": "上洋村",
                "nameEn": "Sheung Yeung Village",
                "nameZh": "上洋村",
                "place": "village"
            },
            "geometry": {
                "type": "Point",
                "coordinates": [
                    114.2846034,
                    22.3108194
                ]
            }
        },
        {
            "type": "Feature",
            "properties": {
                "name": "菜園角",
                "nameEn": "Tsoi Yuen Kok",
                "nameZh": "菜園角",
                "place": "neighbourhood"
            },
            "geometry": {
                "type": "Point",
                "coordinates": [
                    114.2257826,
                    22.5475688
                ]
            }
        },
        {
            "type": "Feature",
            "properties": {
                "name": "新田",
                "nameEn": "San Tin",
                "nameZh": "新田",
                "place": "suburb"
            },
            "geometry": {
                "type": "Point",
                "coordinates": [
                    114.077048,
                    22.4976051
                ]
            }
        },
        {
            "type": "Feature",
            "properties": {
                "name": "沙頭角市中心",
                "nameEn": "Sha Tau Kok Town Centre",
                "nameZh": "沙頭角市中心",
                "place": "suburb"
            },
            "geometry": {
                "type": "Point",
                "coordinates": [
                    114.2237125,
                    22.5456334
                ]
            }
        },
        {
            "type": "Feature",
            "properties": {
                "name": "鹿頸村",
                "nameEn": "Luk Keng Village",
                "nameZh": "鹿頸村",
                "place": "village"
            },
            "geometry": {
                "type": "Point",
                "coordinates": [
                    114.2151905,
                    22.5186265
                ]
            }
        },
        {
            "type": "Feature",
            "properties": {
                "name": "南涌村",
                "nameEn": "Nam Chung Village",
                "nameZh": "南涌村",
                "place": "village"
            },
            "geometry": {
                "type": "Point",
                "coordinates": [
                    114.2081524,
                    22.5218525
                ]
            }
        },
        {
            "type": "Feature",
            "properties": {
                "name": "打鼓嶺",
                "nameEn": "Ta Kwu Ling",
                "nameZh": "打鼓嶺",
                "place": "suburb"
            },
            "geometry": {
                "type": "Point",
                "coordinates": [
                    114.1579921,
                    22.5385085
                ]
            }
        },
        {
            "type": "Feature",
            "properties": {
                "name": "軍地",
                "nameEn": "Kwan Tei",
                "nameZh": "軍地",
                "place": "suburb"
            },
            "geometry": {
                "type": "Point",
                "coordinates": [
                    114.1603388,
                    22.5093686
                ]
            }
        },
        {
            "type": "Feature",
            "properties": {
                "name": "元嶺村",
                "nameEn": "Yuen Leng Village",
                "nameZh": "元嶺村",
                "place": "village"
            },
            "geometry": {
                "type": "Point",
                "coordinates": [
                    114.157043,
                    22.4756566
                ]
            }
        },
        {
            "type": "Feature",
            "properties": {
                "name": "九龍坑新圍",
                "nameEn": "Kau Lung Hang San Wai",
                "nameZh": "九龍坑新圍",
                "place": "neighbourhood"
            },
            "geometry": {
                "type": "Point",
                "coordinates": [
                    114.1575928,
                    22.4777409
                ]
            }
        },
        {
            "type": "Feature",
            "properties": {
                "name": "下香園圍",
                "nameEn": "Ha Heung Yuen Wai",
                "nameZh": "下香園圍",
                "place": "neighbourhood"
            },
            "geometry": {
                "type": "Point",
                "coordinates": [
                    114.1622288,
                    22.5517422
                ]
            }
        },
        {
            "type": "Feature",
            "properties": {
                "name": "白泥",
                "nameEn": "Pak Nai",
                "nameZh": "白泥",
                "place": "village"
            },
            "geometry": {
                "type": "Point",
                "coordinates": [
                    113.9493244,
                    22.4376295
                ]
            }
        },
        {
            "type": "Feature",
            "properties": {
                "name": "青山村",
                "nameEn": "Tsing Shan Tsuen",
                "nameZh": "青山村",
                "place": "village"
            },
            "geometry": {
                "type": "Point",
                "coordinates": [
                    113.9641631,
                    22.3891836
                ]
            }
        },
        {
            "type": "Feature",
            "properties": {
                "name": "泰亨灰沙圍",
                "nameEn": "Tai Hang Fui Sha Wai",
                "nameZh": "泰亨灰沙圍",
                "place": "village"
            },
            "geometry": {
                "type": "Point",
                "coordinates": [
                    114.1516877,
                    22.4699102
                ]
            }
        },
        {
            "type": "Feature",
            "properties": {
                "name": "泰亨祠堂村",
                "nameEn": "Tai Hang Tsz Tong Tsuen",
                "nameZh": "泰亨祠堂村",
                "place": "village"
            },
            "geometry": {
                "type": "Point",
                "coordinates": [
                    114.1482053,
                    22.4692979
                ]
            }
        },
        {
            "type": "Feature",
            "properties": {
                "name": "大網仔",
                "nameEn": "Tai Mong Tsai",
                "nameZh": "大網仔",
                "place": "suburb"
            },
            "geometry": {
                "type": "Point",
                "coordinates": [
                    114.3006852,
                    22.3938476
                ]
            }
        },
        {
            "type": "Feature",
            "properties": {
                "name": "蠔涌谷",
                "nameEn": "Ho Chung Valley",
                "nameZh": "蠔涌谷",
                "place": "suburb"
            },
            "geometry": {
                "type": "Point",
                "coordinates": [
                    114.2415732,
                    22.3518939
                ]
            }
        },
        {
            "type": "Feature",
            "properties": {
                "name": "九華徑新村",
                "nameEn": "Kau Wa Keng New Village",
                "nameZh": "九華徑新村",
                "place": "village"
            },
            "geometry": {
                "type": "Point",
                "coordinates": [
                    114.1347824,
                    22.345644
                ]
            }
        },
        {
            "type": "Feature",
            "properties": {
                "name": "石澳村",
                "nameEn": "Shek O Village",
                "nameZh": "石澳村",
                "place": "village"
            },
            "geometry": {
                "type": "Point",
                "coordinates": [
                    114.2515251,
                    22.2302424
                ]
            }
        },
        {
            "type": "Feature",
            "properties": {
                "name": "九華徑村",
                "nameEn": "Kau Wa Keng Village",
                "nameZh": "九華徑村",
                "place": "village"
            },
            "geometry": {
                "type": "Point",
                "coordinates": [
                    114.1363275,
                    22.345742
                ]
            }
        },
        {
            "type": "Feature",
            "properties": {
                "name": "馬頭角",
                "nameEn": "Ma Tau Kok",
                "nameZh": "馬頭角",
                "place": "suburb"
            },
            "geometry": {
                "type": "Point",
                "coordinates": [
                    114.1932681,
                    22.3215362
                ]
            }
        },
        {
            "type": "Feature",
            "properties": {
                "name": "鯉魚門村",
                "nameEn": "Lei Yue Mun Villages",
                "nameZh": "鯉魚門村",
                "place": "quarter"
            },
            "geometry": {
                "type": "Point",
                "coordinates": [
                    114.2392024,
                    22.2890696
                ]
            }
        },
        {
            "type": "Feature",
            "properties": {
                "name": "船灣",
                "nameEn": "Shuen Wan",
                "nameZh": "船灣",
                "place": "quarter"
            },
            "geometry": {
                "type": "Point",
                "coordinates": [
                    114.2055846,
                    22.4682392
                ]
            }
        },
        {
            "type": "Feature",
            "properties": {
                "name": "半山洲村",
                "nameEn": "Pun Shan Chau Village",
                "nameZh": "半山洲村",
                "place": "village"
            },
            "geometry": {
                "type": "Point",
                "coordinates": [
                    114.1689919,
                    22.432056
                ]
            }
        },
        {
            "type": "Feature",
            "properties": {
                "name": "大埔頭水圍",
                "nameEn": "Tai Po Tau Shui Wai",
                "nameZh": "大埔頭水圍",
                "place": "neighbourhood"
            },
            "geometry": {
                "type": "Point",
                "coordinates": [
                    114.1574226,
                    22.4524165
                ]
            }
        },
        {
            "type": "Feature",
            "properties": {
                "name": "大埔頭",
                "nameEn": "Tai Po Tau Village",
                "nameZh": "大埔頭",
                "place": "village"
            },
            "geometry": {
                "type": "Point",
                "coordinates": [
                    114.1576908,
                    22.4551185
                ]
            }
        },
        {
            "type": "Feature",
            "properties": {
                "name": "下碗窰村",
                "nameEn": "Ha Wun Yiu Village",
                "nameZh": "下碗窰村",
                "place": "village"
            },
            "geometry": {
                "type": "Point",
                "coordinates": [
                    114.163802,
                    22.4383604
                ]
            }
        },
        {
            "type": "Feature",
            "properties": {
                "name": "赤泥坪村",
                "nameEn": "Chek Nai Ping Village",
                "nameZh": "赤泥坪村",
                "place": "village"
            },
            "geometry": {
                "type": "Point",
                "coordinates": [
                    114.2006198,
                    22.4199822
                ]
            }
        },
        {
            "type": "Feature",
            "properties": {
                "name": "新屋家村",
                "nameEn": "San Uk Ka Village",
                "nameZh": "新屋家村",
                "place": "village"
            },
            "geometry": {
                "type": "Point",
                "coordinates": [
                    114.1635165,
                    22.4337988
                ]
            }
        },
        {
            "type": "Feature",
            "properties": {
                "name": "龍尾村",
                "nameEn": "Lung Mei Village",
                "nameZh": "龍尾村",
                "place": "village"
            },
            "geometry": {
                "type": "Point",
                "coordinates": [
                    114.2301627,
                    22.4730078
                ]
            }
        },
        {
            "type": "Feature",
            "properties": {
                "name": "南坑村",
                "nameEn": "Nam Hang Village",
                "nameZh": "南坑村",
                "place": "village"
            },
            "geometry": {
                "type": "Point",
                "coordinates": [
                    114.1689784,
                    22.4592073
                ]
            }
        },
        {
            "type": "Feature",
            "properties": {
                "name": "布心排",
                "nameEn": "Po Sam Pai",
                "nameZh": "布心排",
                "place": "village"
            },
            "geometry": {
                "type": "Point",
                "coordinates": [
                    114.2103927,
                    22.4708823
                ]
            }
        },
        {
            "type": "Feature",
            "properties": {
                "name": "䃟頭角",
                "nameEn": "San Tau Kok",
                "nameZh": "䃟頭角",
                "place": "village"
            },
            "geometry": {
                "type": "Point",
                "coordinates": [
                    114.2077963,
                    22.4692365
                ]
            }
        },
        {
            "type": "Feature",
            "properties": {
                "name": "魚角村",
                "nameEn": "Yue Kok Village",
                "nameZh": "魚角村",
                "place": "village"
            },
            "geometry": {
                "type": "Point",
                "coordinates": [
                    114.1770554,
                    22.4582332
                ]
            }
        },
        {
            "type": "Feature",
            "properties": {
                "name": "放馬莆村",
                "nameEn": "Fong Ma Po Village",
                "nameZh": "放馬莆村",
                "place": "village"
            },
            "geometry": {
                "type": "Point",
                "coordinates": [
                    114.1413943,
                    22.4564145
                ]
            }
        },
        {
            "type": "Feature",
            "properties": {
                "name": "大陽輋西",
                "nameZh": "大陽輋西",
                "place": "neighbourhood"
            },
            "geometry": {
                "type": "Point",
                "coordinates": [
                    114.1276789,
                    22.4459411
                ]
            }
        },
        {
            "type": "Feature",
            "properties": {
                "name": "泰亨中心圍",
                "nameEn": "Tai Hang Chung Sum Wai",
                "nameZh": "泰亨中心圍",
                "place": "village"
            },
            "geometry": {
                "type": "Point",
                "coordinates": [
                    114.149867,
                    22.4693594
                ]
            }
        },
        {
            "type": "Feature",
            "properties": {
                "name": "九龍坑村",
                "nameEn": "Kau Lung Hang Village",
                "nameZh": "九龍坑村",
                "place": "village"
            },
            "geometry": {
                "type": "Point",
                "coordinates": [
                    114.1587284,
                    22.4795663
                ]
            }
        },
        {
            "type": "Feature",
            "properties": {
                "name": "和宜合村",
                "nameEn": "Wo Yi Hop Village",
                "nameZh": "和宜合村",
                "place": "village"
            },
            "geometry": {
                "type": "Point",
                "coordinates": [
                    114.1388331,
                    22.3830293
                ]
            }
        },
        {
            "type": "Feature",
            "properties": {
                "name": "老圍村",
                "nameEn": "Lo Wai Village",
                "nameZh": "老圍村",
                "place": "village"
            },
            "geometry": {
                "type": "Point",
                "coordinates": [
                    114.1254515,
                    22.3796786
                ]
            }
        },
        {
            "type": "Feature",
            "properties": {
                "name": "九肚",
                "nameEn": "Kau To",
                "nameZh": "九肚",
                "place": "village"
            },
            "geometry": {
                "type": "Point",
                "coordinates": [
                    114.2025695,
                    22.4101313
                ]
            }
        },
        {
            "type": "Feature",
            "properties": {
                "name": "落路下村",
                "nameEn": "Lok Lo Ha Village",
                "nameZh": "落路下村",
                "place": "village"
            },
            "geometry": {
                "type": "Point",
                "coordinates": [
                    114.2014751,
                    22.4018045
                ]
            }
        },
        {
            "type": "Feature",
            "properties": {
                "name": "下禾輋",
                "nameEn": "Ha Wo Che",
                "nameZh": "下禾輋",
                "place": "village"
            },
            "geometry": {
                "type": "Point",
                "coordinates": [
                    114.192747,
                    22.389514
                ]
            }
        },
        {
            "type": "Feature",
            "properties": {
                "name": "上禾輋",
                "nameEn": "Sheung Wo Che",
                "nameZh": "上禾輋",
                "place": "village"
            },
            "geometry": {
                "type": "Point",
                "coordinates": [
                    114.189641,
                    22.386657
                ]
            }
        },
        {
            "type": "Feature",
            "properties": {
                "name": "排頭村",
                "nameEn": "Pai Tau Tsuen",
                "nameZh": "排頭村",
                "place": "village"
            },
            "geometry": {
                "type": "Point",
                "coordinates": [
                    114.1871523,
                    22.3844763
                ]
            }
        },
        {
            "type": "Feature",
            "properties": {
                "name": "大圍村",
                "nameEn": "Tai Wai Village",
                "nameZh": "大圍村",
                "place": "village"
            },
            "geometry": {
                "type": "Point",
                "coordinates": [
                    114.1787191,
                    22.3757249
                ]
            }
        },
        {
            "type": "Feature",
            "properties": {
                "name": "九華徑",
                "nameEn": "Kau Wa Keng",
                "nameZh": "九華徑",
                "place": "quarter"
            },
            "geometry": {
                "type": "Point",
                "coordinates": [
                    114.137074,
                    22.3460037
                ]
            }
        },
        {
            "type": "Feature",
            "properties": {
                "name": "隔田村",
                "nameEn": "Kak Tin Village",
                "nameZh": "隔田村",
                "place": "village"
            },
            "geometry": {
                "type": "Point",
                "coordinates": [
                    114.1838403,
                    22.3675535
                ]
            }
        },
        {
            "type": "Feature",
            "properties": {
                "name": "徑口",
                "nameEn": "Keng Hau",
                "nameZh": "徑口",
                "place": "neighbourhood"
            },
            "geometry": {
                "type": "Point",
                "coordinates": [
                    114.1752936,
                    22.3646258
                ]
            }
        },
        {
            "type": "Feature",
            "properties": {
                "name": "麒麟圍",
                "nameEn": "Kei Lun Wai",
                "nameZh": "麒麟圍",
                "place": "village"
            },
            "geometry": {
                "type": "Point",
                "coordinates": [
                    113.9751492,
                    22.4114491
                ]
            }
        },
        {
            "type": "Feature",
            "properties": {
                "name": "虎地",
                "nameEn": "Fu Tei",
                "nameZh": "虎地",
                "place": "neighbourhood"
            },
            "geometry": {
                "type": "Point",
                "coordinates": [
                    113.9823338,
                    22.4118503
                ]
            }
        },
        {
            "type": "Feature",
            "properties": {
                "name": "永寧村",
                "nameEn": "Wing Ning Tsuen",
                "nameZh": "永寧村",
                "place": "village"
            },
            "geometry": {
                "type": "Point",
                "coordinates": [
                    114.1510751,
                    22.5006233
                ]
            }
        },
        {
            "type": "Feature",
            "properties": {
                "name": "老圍",
                "nameEn": "Lo Wai",
                "nameZh": "老圍",
                "place": "village"
            },
            "geometry": {
                "type": "Point",
                "coordinates": [
                    114.151758,
                    22.4974378
                ]
            }
        },
        {
            "type": "Feature",
            "properties": {
                "name": "九龍坑老圍",
                "nameEn": "Kau Lung Hang Lo Wai",
                "nameZh": "九龍坑老圍",
                "place": "neighbourhood"
            },
            "geometry": {
                "type": "Point",
                "coordinates": [
                    114.1610678,
                    22.4803734
                ]
            }
        },
        {
            "type": "Feature",
            "properties": {
                "name": "田心",
                "nameEn": "Tin Sam",
                "nameZh": "田心",
                "place": "neighbourhood"
            },
            "geometry": {
                "type": "Point",
                "coordinates": [
                    114.1398542,
                    22.4900487
                ]
            }
        },
        {
            "type": "Feature",
            "properties": {
                "name": "白石角",
                "nameEn": "Pak Shek Kok",
                "nameZh": "白石角",
                "place": "suburb"
            },
            "geometry": {
                "type": "Point",
                "coordinates": [
                    114.2023539,
                    22.4275061
                ]
            }
        },
        {
            "type": "Feature",
            "properties": {
                "name": "油麻磡村",
                "nameEn": "Yau Ma Hom Resite Village",
                "nameZh": "油麻磡村",
                "place": "village"
            },
            "geometry": {
                "type": "Point",
                "coordinates": [
                    114.1335208,
                    22.3715805
                ]
            }
        },
        {
            "type": "Feature",
            "properties": {
                "name": "筆架山",
                "nameEn": "Beacon Hill",
                "nameZh": "筆架山",
                "place": "suburb"
            },
            "geometry": {
                "type": "Point",
                "coordinates": [
                    114.1755226,
                    22.3422493
                ]
            }
        },
        {
            "type": "Feature",
            "properties": {
                "name": "丙崗",
                "nameEn": "Ping Kong",
                "nameZh": "丙崗",
                "place": "village"
            },
            "geometry": {
                "type": "Point",
                "coordinates": [
                    114.1224175,
                    22.4904742
                ]
            }
        },
        {
            "type": "Feature",
            "properties": {
                "name": "上村",
                "nameEn": "Sheung Tsuen",
                "nameZh": "上村",
                "place": "village"
            },
            "geometry": {
                "type": "Point",
                "coordinates": [
                    114.0993829,
                    22.4329301
                ]
            }
        },
        {
            "type": "Feature",
            "properties": {
                "name": "石崗",
                "nameEn": "Shek Kong",
                "nameZh": "石崗",
                "place": "suburb"
            },
            "geometry": {
                "type": "Point",
                "coordinates": [
                    114.0931244,
                    22.4312355
                ]
            }
        },
        {
            "type": "Feature",
            "properties": {
                "name": "米埔老圍",
                "nameEn": "Mai Po Lo Wai",
                "nameZh": "米埔老圍",
                "place": "neighbourhood"
            },
            "geometry": {
                "type": "Point",
                "coordinates": [
                    114.0608182,
                    22.493306
                ]
            }
        },
        {
            "type": "Feature",
            "properties": {
                "name": "米埔新村",
                "nameEn": "Mai Po San Tsuen",
                "nameZh": "米埔新村",
                "place": "village"
            },
            "geometry": {
                "type": "Point",
                "coordinates": [
                    114.0605123,
                    22.4918644
                ]
            }
        },
        {
            "type": "Feature",
            "properties": {
                "name": "橫台山",
                "nameEn": "Wang Toi Shan",
                "nameZh": "橫台山",
                "place": "quarter"
            },
            "geometry": {
                "type": "Point",
                "coordinates": [
                    114.0937501,
                    22.4429849
                ]
            }
        },
        {
            "type": "Feature",
            "properties": {
                "name": "梧桐寨",
                "nameEn": "Ng Tung Chai",
                "nameZh": "梧桐寨",
                "place": "quarter"
            },
            "geometry": {
                "type": "Point",
                "coordinates": [
                    114.1295082,
                    22.4361664
                ]
            }
        },
        {
            "type": "Feature",
            "properties": {
                "name": "蕉徑",
                "nameEn": "Tsiu Keng",
                "nameZh": "蕉徑",
                "place": "village"
            },
            "geometry": {
                "type": "Point",
                "coordinates": [
                    114.1071319,
                    22.476617
                ]
            }
        },
        {
            "type": "Feature",
            "properties": {
                "name": "三家村",
                "nameEn": "Sam Ka Tsuen",
                "nameZh": "三家村",
                "place": "village"
            },
            "geometry": {
                "type": "Point",
                "coordinates": [
                    114.2381718,
                    22.2898131
                ]
            }
        },
        {
            "type": "Feature",
            "properties": {
                "name": "落禾沙",
                "nameEn": "Lok Wo Sha",
                "nameZh": "落禾沙",
                "place": "quarter"
            },
            "geometry": {
                "type": "Point",
                "coordinates": [
                    114.2423141,
                    22.4303927
                ]
            }
        },
        {
            "type": "Feature",
            "properties": {
                "name": "又一村",
                "nameEn": "Yau Yat Chuen",
                "nameZh": "又一村",
                "place": "neighbourhood"
            },
            "geometry": {
                "type": "Point",
                "coordinates": [
                    114.1744603,
                    22.3310303
                ]
            }
        },
        {
            "type": "Feature",
            "properties": {
                "name": "石澳山仔",
                "nameEn": "Shek O Headland",
                "nameZh": "石澳山仔",
                "place": "quarter"
            },
            "geometry": {
                "type": "Point",
                "coordinates": [
                    114.2550002,
                    22.2294262
                ]
            }
        },
        {
            "type": "Feature",
            "properties": {
                "name": "沙江圍",
                "nameEn": "Sha Kong Wai",
                "nameZh": "沙江圍",
                "place": "village"
            },
            "geometry": {
                "type": "Point",
                "coordinates": [
                    113.9908105,
                    22.4640103
                ]
            }
        },
        {
            "type": "Feature",
            "properties": {
                "name": "鰲磡",
                "nameEn": "Ngau Hom",
                "nameZh": "鰲磡",
                "place": "village"
            },
            "geometry": {
                "type": "Point",
                "coordinates": [
                    113.9885621,
                    22.4645531
                ]
            }
        },
        {
            "type": "Feature",
            "properties": {
                "name": "新慶村",
                "nameEn": "San Hing Tsuen",
                "nameZh": "新慶村",
                "place": "village"
            },
            "geometry": {
                "type": "Point",
                "coordinates": [
                    113.9873543,
                    22.4643739
                ]
            }
        },
        {
            "type": "Feature",
            "properties": {
                "name": "東頭村",
                "nameEn": "Tung Tau Tsuen",
                "nameZh": "東頭村",
                "place": "neighbourhood"
            },
            "geometry": {
                "type": "Point",
                "coordinates": [
                    113.9930424,
                    22.453213
                ]
            }
        },
        {
            "type": "Feature",
            "properties": {
                "name": "羅屋村",
                "nameEn": "Lo Uk Tsuen",
                "nameZh": "羅屋村",
                "place": "village"
            },
            "geometry": {
                "type": "Point",
                "coordinates": [
                    113.9936625,
                    22.4518519
                ]
            }
        },
        {
            "type": "Feature",
            "properties": {
                "name": "小秀村",
                "nameEn": "Siu Sau Tsuen",
                "nameZh": "小秀村",
                "place": "village"
            },
            "geometry": {
                "type": "Point",
                "coordinates": [
                    114.001905,
                    22.3701032
                ]
            }
        },
        {
            "type": "Feature",
            "properties": {
                "name": "石埗村",
                "nameEn": "Shek Po Village",
                "nameZh": "石埗村",
                "place": "village"
            },
            "geometry": {
                "type": "Point",
                "coordinates": [
                    113.9968004,
                    22.4406364
                ]
            }
        },
        {
            "type": "Feature",
            "properties": {
                "name": "吉慶圍",
                "nameEn": "Kat Hing Wai",
                "nameZh": "吉慶圍",
                "place": "neighbourhood"
            },
            "geometry": {
                "type": "Point",
                "coordinates": [
                    114.0639949,
                    22.439622
                ]
            }
        },
        {
            "type": "Feature",
            "properties": {
                "name": "廈村市",
                "nameEn": "Ha Tsuen Shi",
                "nameZh": "廈村市",
                "place": "village"
            },
            "geometry": {
                "type": "Point",
                "coordinates": [
                    113.9943636,
                    22.4460649
                ]
            }
        },
        {
            "type": "Feature",
            "properties": {
                "name": "蓮花地",
                "nameEn": "Lin Fa Tei",
                "nameZh": "蓮花地",
                "place": "village"
            },
            "geometry": {
                "type": "Point",
                "coordinates": [
                    114.0867094,
                    22.428175
                ]
            }
        },
        {
            "type": "Feature",
            "properties": {
                "name": "流浮山",
                "nameEn": "Lau Fau Shan",
                "nameZh": "流浮山",
                "place": "village"
            },
            "geometry": {
                "type": "Point",
                "coordinates": [
                    113.9841221,
                    22.4674029
                ]
            }
        },
        {
            "type": "Feature",
            "properties": {
                "name": "橫洲",
                "nameEn": "Wang Chau",
                "nameZh": "橫洲",
                "place": "suburb"
            },
            "geometry": {
                "type": "Point",
                "coordinates": [
                    114.0208113,
                    22.4526825
                ]
            }
        },
        {
            "type": "Feature",
            "properties": {
                "name": "沙灣",
                "nameEn": "Sandy Bay",
                "nameZh": "沙灣",
                "place": "quarter"
            },
            "geometry": {
                "type": "Point",
                "coordinates": [
                    114.1251763,
                    22.2683119
                ]
            }
        },
        {
            "type": "Feature",
            "properties": {
                "name": "隔田村南滘",
                "nameEn": "Kak Tin Village Nam Kau",
                "nameZh": "隔田村南滘",
                "place": "neighbourhood"
            },
            "geometry": {
                "type": "Point",
                "coordinates": [
                    114.1849591,
                    22.3680565
                ]
            }
        },
        {
            "type": "Feature",
            "properties": {
                "name": "二陂圳村",
                "nameEn": "Yi Pei Chun Village",
                "nameZh": "二陂圳村",
                "place": "village"
            },
            "geometry": {
                "type": "Point",
                "coordinates": [
                    114.1248013,
                    22.3777524
                ]
            }
        },
        {
            "type": "Feature",
            "properties": {
                "name": "十四鄉",
                "nameEn": "Shap Sze Heung",
                "nameZh": "十四鄉",
                "place": "suburb"
            },
            "geometry": {
                "type": "Point",
                "coordinates": [
                    114.2601457,
                    22.4268334
                ]
            }
        },
        {
            "type": "Feature",
            "properties": {
                "name": "馬灣大街村",
                "nameEn": "Ma Wan Main Street Village",
                "nameZh": "馬灣大街村",
                "place": "village"
            },
            "geometry": {
                "type": "Point",
                "coordinates": [
                    114.0578485,
                    22.351429
                ]
            }
        },
        {
            "type": "Feature",
            "properties": {
                "name": "鋼綫灣",
                "nameEn": "Telegraph Bay",
                "nameZh": "鋼綫灣",
                "place": "quarter"
            },
            "geometry": {
                "type": "Point",
                "coordinates": [
                    114.13003,
                    22.2640637
                ]
            }
        },
        {
            "type": "Feature",
            "properties": {
                "name": "馬鞍台",
                "nameEn": "Ma On Terrace",
                "nameZh": "馬鞍台",
                "place": "neighbourhood"
            },
            "geometry": {
                "type": "Point",
                "coordinates": [
                    114.2373698,
                    22.4238307
                ]
            }
        },
        {
            "type": "Feature",
            "properties": {
                "name": "沙埔新村",
                "nameEn": "Sha Po New Village",
                "nameZh": "沙埔新村",
                "place": "neighbourhood"
            },
            "geometry": {
                "type": "Point",
                "coordinates": [
                    114.1128231,
                    22.2252448
                ]
            }
        },
        {
            "type": "Feature",
            "properties": {
                "name": "晒草灣",
                "nameEn": "Sai Tso Wan",
                "nameZh": "晒草灣",
                "place": "suburb"
            },
            "geometry": {
                "type": "Point",
                "coordinates": [
                    114.2302419,
                    22.3070474
                ]
            }
        },
        {
            "type": "Feature",
            "properties": {
                "name": "大磡",
                "nameEn": "Tai Hom",
                "nameZh": "大磡",
                "place": "neighbourhood"
            },
            "geometry": {
                "type": "Point",
                "coordinates": [
                    114.2008945,
                    22.3407463
                ]
            }
        },
        {
            "type": "Feature",
            "properties": {
                "name": "樂富",
                "nameEn": "Lok Fu",
                "nameZh": "樂富",
                "place": "neighbourhood"
            },
            "geometry": {
                "type": "Point",
                "coordinates": [
                    114.187904,
                    22.3373564
                ]
            }
        },
        {
            "type": "Feature",
            "properties": {
                "name": "馬仔坑",
                "nameEn": "Ma Chai Hang",
                "nameZh": "馬仔坑",
                "place": "suburb"
            },
            "geometry": {
                "type": "Point",
                "coordinates": [
                    114.1858597,
                    22.3450757
                ]
            }
        },
        {
            "type": "Feature",
            "properties": {
                "name": "大灣舊村",
                "nameEn": "Tai Wan Kau Tsuen",
                "nameZh": "大灣舊村",
                "place": "neighbourhood"
            },
            "geometry": {
                "type": "Point",
                "coordinates": [
                    114.1162784,
                    22.2235927
                ]
            }
        },
        {
            "type": "Feature",
            "properties": {
                "name": "沙埔舊村",
                "nameEn": "Sha Po Old Village",
                "nameZh": "沙埔舊村",
                "place": "neighbourhood"
            },
            "geometry": {
                "type": "Point",
                "coordinates": [
                    114.1123601,
                    22.2242936
                ]
            }
        },
        {
            "type": "Feature",
            "properties": {
                "name": "榕樹塱舊村",
                "nameEn": "Yung Shue Long Old Village",
                "nameZh": "榕樹塱舊村",
                "place": "neighbourhood"
            },
            "geometry": {
                "type": "Point",
                "coordinates": [
                    114.1145917,
                    22.2266079
                ]
            }
        },
        {
            "type": "Feature",
            "properties": {
                "name": "大山東",
                "nameEn": "Tai Shan East",
                "nameZh": "大山東",
                "place": "neighbourhood"
            },
            "geometry": {
                "type": "Point",
                "coordinates": [
                    114.1116729,
                    22.2230374
                ]
            }
        },
        {
            "type": "Feature",
            "properties": {
                "name": "大坪村",
                "nameEn": "Tai Peng Village",
                "nameZh": "大坪村",
                "place": "village"
            },
            "geometry": {
                "type": "Point",
                "coordinates": [
                    114.1155997,
                    22.2295029
                ]
            }
        },
        {
            "type": "Feature",
            "properties": {
                "name": "榕樹塱新村",
                "nameEn": "Yung Shue Long New Village",
                "nameZh": "榕樹塱新村",
                "place": "neighbourhood"
            },
            "geometry": {
                "type": "Point",
                "coordinates": [
                    114.1135505,
                    22.2274871
                ]
            }
        },
        {
            "type": "Feature",
            "properties": {
                "name": "九龍塘",
                "nameEn": "Kowloon Tong",
                "nameZh": "九龍塘",
                "place": "suburb"
            },
            "geometry": {
                "type": "Point",
                "coordinates": [
                    114.177078,
                    22.334635
                ]
            }
        },
        {
            "type": "Feature",
            "properties": {
                "name": "大灣新村",
                "nameEn": "Tai Wan San Tsuen",
                "nameZh": "大灣新村",
                "place": "neighbourhood"
            },
            "geometry": {
                "type": "Point",
                "coordinates": [
                    114.1153611,
                    22.2237597
                ]
            }
        },
        {
            "type": "Feature",
            "properties": {
                "name": "大埔仔",
                "nameEn": "Tai Po Tsai",
                "nameZh": "大埔仔",
                "place": "village"
            },
            "geometry": {
                "type": "Point",
                "coordinates": [
                    114.2591895,
                    22.3372905
                ]
            }
        },
        {
            "type": "Feature",
            "properties": {
                "name": "竹園",
                "nameEn": "Chuk Yuen",
                "nameZh": "竹園",
                "place": "quarter"
            },
            "geometry": {
                "type": "Point",
                "coordinates": [
                    114.1935298,
                    22.3450074
                ]
            }
        },
        {
            "type": "Feature",
            "properties": {
                "name": "河上鄉",
                "nameEn": "Ho Sheung Heung",
                "nameZh": "河上鄉",
                "place": "village"
            },
            "geometry": {
                "type": "Point",
                "coordinates": [
                    114.1083384,
                    22.5120317
                ]
            }
        },
        {
            "type": "Feature",
            "properties": {
                "name": "古洞",
                "nameEn": "Kwu Tung",
                "nameZh": "古洞",
                "place": "suburb"
            },
            "geometry": {
                "type": "Point",
                "coordinates": [
                    114.100678,
                    22.5051828
                ]
            }
        },
        {
            "type": "Feature",
            "properties": {
                "name": "金錢",
                "nameEn": "Kam Tsin",
                "nameZh": "金錢",
                "place": "village"
            },
            "geometry": {
                "type": "Point",
                "coordinates": [
                    114.1124582,
                    22.4993149
                ]
            }
        },
        {
            "type": "Feature",
            "properties": {
                "name": "紅磡灣",
                "nameEn": "Hung Hom Bay",
                "nameZh": "紅磡灣",
                "place": "quarter"
            },
            "geometry": {
                "type": "Point",
                "coordinates": [
                    114.1830068,
                    22.303184
                ]
            }
        },
        {
            "type": "Feature",
            "properties": {
                "name": "青山灣",
                "nameEn": "Castle Peak Bay",
                "nameZh": "青山灣",
                "place": "quarter"
            },
            "geometry": {
                "type": "Point",
                "coordinates": [
                    113.981173,
                    22.378938
                ]
            }
        },
        {
            "type": "Feature",
            "properties": {
                "name": "三棟屋村",
                "nameEn": "Sam Tung Uk Resite Village",
                "nameZh": "三棟屋村",
                "place": "village"
            },
            "geometry": {
                "type": "Point",
                "coordinates": [
                    114.1304902,
                    22.379967
                ]
            }
        },
        {
            "type": "Feature",
            "properties": {
                "name": "木棉下村",
                "nameEn": "Muk Min Ha Tsuen",
                "nameZh": "木棉下村",
                "place": "village"
            },
            "geometry": {
                "type": "Point",
                "coordinates": [
                    114.1183008,
                    22.3761917
                ]
            }
        },
        {
            "type": "Feature",
            "properties": {
                "name": "新村",
                "nameEn": "San Tsuen",
                "nameZh": "新村",
                "place": "village"
            },
            "geometry": {
                "type": "Point",
                "coordinates": [
                    114.1220836,
                    22.3787451
                ]
            }
        },
        {
            "type": "Feature",
            "properties": {
                "name": "寶馬山",
                "nameEn": "Braemar Hill",
                "nameZh": "寶馬山",
                "place": "quarter"
            },
            "geometry": {
                "type": "Point",
                "coordinates": [
                    114.202069,
                    22.2873555
                ]
            }
        },
        {
            "type": "Feature",
            "properties": {
                "name": "西草灣",
                "nameEn": "Sai Tso Wan",
                "nameZh": "西草灣",
                "place": "neighbourhood"
            },
            "geometry": {
                "type": "Point",
                "coordinates": [
                    114.0936369,
                    22.344199
                ]
            }
        },
        {
            "type": "Feature",
            "properties": {
                "name": "打鼓嶺",
                "nameEn": "Ta Ku Ling",
                "nameZh": "打鼓嶺",
                "place": "suburb"
            },
            "geometry": {
                "type": "Point",
                "coordinates": [
                    114.2526668,
                    22.3467666
                ]
            }
        },
        {
            "type": "Feature",
            "properties": {
                "name": "南坑",
                "nameEn": "Nam Hang",
                "nameZh": "南坑",
                "place": "quarter"
            },
            "geometry": {
                "type": "Point",
                "coordinates": [
                    114.1699212,
                    22.458411
                ]
            }
        },
        {
            "type": "Feature",
            "properties": {
                "name": "藍田",
                "nameEn": "Lam Tin",
                "nameZh": "藍田",
                "place": "suburb"
            },
            "geometry": {
                "type": "Point",
                "coordinates": [
                    114.236095,
                    22.3089052
                ]
            }
        },
        {
            "type": "Feature",
            "properties": {
                "name": "大坑東",
                "nameEn": "Tai Hang Tung",
                "nameZh": "大坑東",
                "place": "neighbourhood"
            },
            "geometry": {
                "type": "Point",
                "coordinates": [
                    114.1709446,
                    22.3339213
                ]
            }
        },
        {
            "type": "Feature",
            "properties": {
                "name": "蘇屋",
                "nameEn": "So Uk",
                "nameZh": "蘇屋",
                "place": "quarter"
            },
            "geometry": {
                "type": "Point",
                "coordinates": [
                    114.1567435,
                    22.3411418
                ]
            }
        },
        {
            "type": "Feature",
            "properties": {
                "name": "秀茂坪",
                "nameEn": "Sau Mau Ping",
                "nameZh": "秀茂坪",
                "place": "suburb"
            },
            "geometry": {
                "type": "Point",
                "coordinates": [
                    114.2320637,
                    22.3195857
                ]
            }
        },
        {
            "type": "Feature",
            "properties": {
                "name": "掃桿埔",
                "nameEn": "So Kon Po",
                "nameZh": "掃桿埔",
                "place": "quarter"
            },
            "geometry": {
                "type": "Point",
                "coordinates": [
                    114.1883184,
                    22.2748177
                ]
            }
        },
        {
            "type": "Feature",
            "properties": {
                "name": "牛潭尾",
                "nameEn": "Ngau Tam Mei",
                "nameZh": "牛潭尾",
                "place": "suburb"
            },
            "geometry": {
                "type": "Point",
                "coordinates": [
                    114.0706918,
                    22.4748226
                ]
            }
        },
        {
            "type": "Feature",
            "properties": {
                "name": "米埔",
                "nameEn": "Mai Po",
                "nameZh": "米埔",
                "place": "suburb"
            },
            "geometry": {
                "type": "Point",
                "coordinates": [
                    114.0447865,
                    22.4883778
                ]
            }
        },
        {
            "type": "Feature",
            "properties": {
                "name": "馬草壟",
                "nameEn": "Ma Tso Lung",
                "nameZh": "馬草壟",
                "place": "suburb"
            },
            "geometry": {
                "type": "Point",
                "coordinates": [
                    114.0954302,
                    22.5212072
                ]
            }
        },
        {
            "type": "Feature",
            "properties": {
                "name": "鳳園",
                "nameEn": "Fung Yuen",
                "nameZh": "鳳園",
                "place": "village"
            },
            "geometry": {
                "type": "Point",
                "coordinates": [
                    114.1804261,
                    22.4625685
                ]
            }
        },
        {
            "type": "Feature",
            "properties": {
                "name": "舂坎角",
                "nameEn": "Chung Hom Kok",
                "nameZh": "舂坎角",
                "place": "quarter"
            },
            "geometry": {
                "type": "Point",
                "coordinates": [
                    114.2047605,
                    22.2182618
                ]
            }
        },
        {
            "type": "Feature",
            "properties": {
                "name": "船灣詹屋",
                "nameEn": "Shuen Wan Chim Uk",
                "nameZh": "船灣詹屋",
                "place": "village"
            },
            "geometry": {
                "type": "Point",
                "coordinates": [
                    114.2082352,
                    22.4643824
                ]
            }
        },
        {
            "type": "Feature",
            "properties": {
                "name": "船灣李屋",
                "nameEn": "Shuen Wan Lei Uk",
                "nameZh": "船灣李屋",
                "place": "village"
            },
            "geometry": {
                "type": "Point",
                "coordinates": [
                    114.2071737,
                    22.4628945
                ]
            }
        },
        {
            "type": "Feature",
            "properties": {
                "name": "船灣陳屋",
                "nameEn": "Shuen Wan Chan Uk",
                "nameZh": "船灣陳屋",
                "place": "village"
            },
            "geometry": {
                "type": "Point",
                "coordinates": [
                    114.208142,
                    22.4622556
                ]
            }
        },
        {
            "type": "Feature",
            "properties": {
                "name": "長沙",
                "nameEn": "Cheung Sha",
                "nameZh": "長沙",
                "place": "village"
            },
            "geometry": {
                "type": "Point",
                "coordinates": [
                    113.9535809,
                    22.2355626
                ]
            }
        },
        {
            "type": "Feature",
            "properties": {
                "name": "石壁",
                "nameEn": "Shek Pik",
                "nameZh": "石壁",
                "place": "suburb"
            },
            "geometry": {
                "type": "Point",
                "coordinates": [
                    113.8916593,
                    22.2262996
                ]
            }
        },
        {
            "type": "Feature",
            "properties": {
                "name": "沙螺灣",
                "nameEn": "Sha Lo Wan",
                "nameZh": "沙螺灣",
                "place": "suburb"
            },
            "geometry": {
                "type": "Point",
                "coordinates": [
                    113.9020583,
                    22.2863772
                ]
            }
        },
        {
            "type": "Feature",
            "properties": {
                "name": "大蠔灣",
                "nameEn": "Tai Ho Wan",
                "nameZh": "大蠔灣",
                "place": "suburb"
            },
            "geometry": {
                "type": "Point",
                "coordinates": [
                    113.9798132,
                    22.2938731
                ]
            }
        },
        {
            "type": "Feature",
            "properties": {
                "name": "南生圍",
                "nameEn": "Nam Sang Wai",
                "nameZh": "南生圍",
                "place": "suburb"
            },
            "geometry": {
                "type": "Point",
                "coordinates": [
                    114.0379722,
                    22.4623971
                ]
            }
        },
        {
            "type": "Feature",
            "properties": {
                "name": "石湖墟",
                "nameEn": "Shek Wu Hui",
                "nameZh": "石湖墟",
                "place": "quarter"
            },
            "geometry": {
                "type": "Point",
                "coordinates": [
                    114.1271854,
                    22.5063679
                ]
            }
        },
        {
            "type": "Feature",
            "properties": {
                "name": "糧船灣",
                "nameEn": "High Island",
                "nameZh": "糧船灣",
                "place": "suburb"
            },
            "geometry": {
                "type": "Point",
                "coordinates": [
                    114.3544763,
                    22.358805
                ]
            }
        },
        {
            "type": "Feature",
            "properties": {
                "name": "深水灣",
                "nameEn": "Deep Water Bay",
                "nameZh": "深水灣",
                "place": "suburb"
            },
            "geometry": {
                "type": "Point",
                "coordinates": [
                    114.1875413,
                    22.2470774
                ]
            }
        },
        {
            "type": "Feature",
            "properties": {
                "name": "屯門舊墟",
                "nameEn": "Tuen Mun Kau Hui",
                "nameZh": "屯門舊墟",
                "place": "quarter"
            },
            "geometry": {
                "type": "Point",
                "coordinates": [
                    113.9687609,
                    22.3916166
                ]
            }
        },
        {
            "type": "Feature",
            "properties": {
                "name": "鯉魚門",
                "nameEn": "Lei Yue Mun",
                "nameZh": "鯉魚門",
                "place": "suburb"
            },
            "geometry": {
                "type": "Point",
                "coordinates": [
                    114.2386453,
                    22.2886954
                ]
            }
        },
        {
            "type": "Feature",
            "properties": {
                "name": "蠔涌",
                "nameEn": "Ho Chung",
                "nameZh": "蠔涌",
                "place": "quarter"
            },
            "geometry": {
                "type": "Point",
                "coordinates": [
                    114.2470661,
                    22.3558809
                ]
            }
        },
        {
            "type": "Feature",
            "properties": {
                "name": "井欄樹",
                "nameEn": "Tseng Lan Shue",
                "nameZh": "井欄樹",
                "place": "village"
            },
            "geometry": {
                "type": "Point",
                "coordinates": [
                    114.2381974,
                    22.3360401
                ]
            }
        },
        {
            "type": "Feature",
            "properties": {
                "name": "樂耕埔",
                "nameEn": "Lok Kang Po",
                "nameZh": "樂耕埔",
                "place": "neighbourhood"
            },
            "geometry": {
                "type": "Point",
                "coordinates": [
                    114.2452014,
                    22.2640828
                ]
            }
        },
        {
            "type": "Feature",
            "properties": {
                "name": "尖沙咀東",
                "nameEn": "East Tsim Sha Tsui",
                "nameZh": "尖沙咀東",
                "place": "quarter"
            },
            "geometry": {
                "type": "Point",
                "coordinates": [
                    114.1786598,
                    22.2992787
                ]
            }
        },
        {
            "type": "Feature",
            "properties": {
                "name": "北朗",
                "nameEn": "Pak Long",
                "nameZh": "北朗",
                "place": "village"
            },
            "geometry": {
                "type": "Point",
                "coordinates": [
                    113.9205937,
                    22.3921149
                ]
            }
        },
        {
            "type": "Feature",
            "properties": {
                "name": "田寮村",
                "nameEn": "Tin Liu Tsuen",
                "nameZh": "田寮村",
                "place": "village"
            },
            "geometry": {
                "type": "Point",
                "coordinates": [
                    114.0249818,
                    22.4320958
                ]
            }
        },
        {
            "type": "Feature",
            "properties": {
                "name": "大旗嶺村",
                "nameEn": "Tai Kei Leng Village",
                "nameZh": "大旗嶺村",
                "place": "village"
            },
            "geometry": {
                "type": "Point",
                "coordinates": [
                    114.0308108,
                    22.4396302
                ]
            }
        },
        {
            "type": "Feature",
            "properties": {
                "name": "渡船角",
                "nameEn": "Ferry Point",
                "nameZh": "渡船角",
                "place": "neighbourhood"
            },
            "geometry": {
                "type": "Point",
                "coordinates": [
                    114.165523,
                    22.308513
                ]
            }
        },
        {
            "type": "Feature",
            "properties": {
                "name": "火炭谷新村",
                "nameEn": "Fo Tan Kuk San Chuen",
                "nameZh": "火炭谷新村",
                "place": "village"
            },
            "geometry": {
                "type": "Point",
                "coordinates": [
                    114.1873334,
                    22.4003087
                ]
            }
        },
        {
            "type": "Feature",
            "properties": {
                "name": "桂地新村",
                "nameEn": "Kwei Tei New Village",
                "nameZh": "桂地新村",
                "place": "village"
            },
            "geometry": {
                "type": "Point",
                "coordinates": [
                    114.188641,
                    22.4007848
                ]
            }
        },
        {
            "type": "Feature",
            "properties": {
                "name": "桂地村",
                "nameEn": "Kwei Tei Village",
                "nameZh": "桂地村",
                "place": "village"
            },
            "geometry": {
                "type": "Point",
                "coordinates": [
                    114.1887912,
                    22.4000607
                ]
            }
        },
        {
            "type": "Feature",
            "properties": {
                "name": "下高灘",
                "nameEn": "Ha Ko Tan",
                "nameZh": "下高灘",
                "place": "neighbourhood"
            },
            "geometry": {
                "type": "Point",
                "coordinates": [
                    114.1070784,
                    22.3508293
                ]
            }
        },
        {
            "type": "Feature",
            "properties": {
                "name": "南涌楊屋",
                "nameEn": "Nam Chung Yeung Uk",
                "nameZh": "南涌楊屋",
                "place": "neighbourhood"
            },
            "geometry": {
                "type": "Point",
                "coordinates": [
                    114.2074661,
                    22.5230195
                ]
            }
        },
        {
            "type": "Feature",
            "properties": {
                "name": "南涌李屋",
                "nameEn": "Nam Chung Lei Uk",
                "nameZh": "南涌李屋",
                "place": "neighbourhood"
            },
            "geometry": {
                "type": "Point",
                "coordinates": [
                    114.2110159,
                    22.5232673
                ]
            }
        },
        {
            "type": "Feature",
            "properties": {
                "name": "大山西",
                "nameEn": "Tai Shan West",
                "nameZh": "大山西",
                "place": "neighbourhood"
            },
            "geometry": {
                "type": "Point",
                "coordinates": [
                    114.1107675,
                    22.2230355
                ]
            }
        },
        {
            "type": "Feature",
            "properties": {
                "name": "大山中",
                "nameEn": "Tai Shan Central",
                "nameZh": "大山中",
                "place": "neighbourhood"
            },
            "geometry": {
                "type": "Point",
                "coordinates": [
                    114.1111752,
                    22.222524
                ]
            }
        },
        {
            "type": "Feature",
            "properties": {
                "name": "昂堂山",
                "nameEn": "Ngong Tong Shan",
                "nameZh": "昂堂山",
                "place": "neighbourhood"
            },
            "geometry": {
                "type": "Point",
                "coordinates": [
                    114.1854615,
                    22.3921132
                ]
            }
        },
        {
            "type": "Feature",
            "properties": {
                "name": "啟德坊",
                "nameEn": "Kai Tak Grid Neighbourhood",
                "nameZh": "啟德坊",
                "place": "neighbourhood"
            },
            "geometry": {
                "type": "Point",
                "coordinates": [
                    114.2003877,
                    22.3275861
                ]
            }
        },
        {
            "type": "Feature",
            "properties": {
                "name": "涌美老屋村",
                "nameEn": "Chung Mei Lo Uk Village",
                "nameZh": "涌美老屋村",
                "place": "village"
            },
            "geometry": {
                "type": "Point",
                "coordinates": [
                    114.1057795,
                    22.3511921
                ]
            }
        },
        {
            "type": "Feature",
            "properties": {
                "name": "象鼻山",
                "nameEn": "Cheung Pei Shan",
                "nameZh": "象鼻山",
                "place": "quarter"
            },
            "geometry": {
                "type": "Point",
                "coordinates": [
                    114.1304017,
                    22.3786879
                ]
            }
        },
        {
            "type": "Feature",
            "properties": {
                "name": "海壩村",
                "nameEn": "Hoi Pa Resite Village",
                "nameZh": "海壩村",
                "place": "village"
            },
            "geometry": {
                "type": "Point",
                "coordinates": [
                    114.1270934,
                    22.3782875
                ]
            }
        },
        {
            "type": "Feature",
            "properties": {
                "name": "石圍角",
                "nameEn": "Shek Wai Kok",
                "nameZh": "石圍角",
                "place": "quarter"
            },
            "geometry": {
                "type": "Point",
                "coordinates": [
                    114.1243795,
                    22.3753958
                ]
            }
        },
        {
            "type": "Feature",
            "properties": {
                "name": "荃景圍",
                "nameEn": "Tsuen King Circuit",
                "nameZh": "荃景圍",
                "place": "neighbourhood"
            },
            "geometry": {
                "type": "Point",
                "coordinates": [
                    114.1069488,
                    22.3783176
                ]
            }
        },
        {
            "type": "Feature",
            "properties": {
                "name": "大連排",
                "nameEn": "Tai Lin Pai",
                "nameZh": "大連排",
                "place": "neighbourhood"
            },
            "geometry": {
                "type": "Point",
                "coordinates": [
                    114.1330954,
                    22.3612981
                ]
            }
        },
        {
            "type": "Feature",
            "properties": {
                "name": "石籬",
                "nameEn": "Shek Lei",
                "nameZh": "石籬",
                "place": "neighbourhood"
            },
            "geometry": {
                "type": "Point",
                "coordinates": [
                    114.1390942,
                    22.3653458
                ]
            }
        },
        {
            "type": "Feature",
            "properties": {
                "name": "東涌東",
                "nameEn": "Tung Chung East",
                "nameZh": "東涌東",
                "place": "quarter"
            },
            "geometry": {
                "type": "Point",
                "coordinates": [
                    113.9587945,
                    22.3011873
                ]
            }
        },
        {
            "type": "Feature",
            "properties": {
                "name": "東涌谷",
                "nameEn": "Tung Chung Valley",
                "nameZh": "東涌谷",
                "place": "quarter"
            },
            "geometry": {
                "type": "Point",
                "coordinates": [
                    113.9303684,
                    22.2745226
                ]
            }
        },
        {
            "type": "Feature",
            "properties": {
                "name": "上高灘",
                "nameEn": "Sheung Ko Tan",
                "nameZh": "上高灘",
                "place": "neighbourhood"
            },
            "geometry": {
                "type": "Point",
                "coordinates": [
                    114.1054727,
                    22.352243
                ]
            }
        },
        {
            "type": "Feature",
            "properties": {
                "name": "西九龍",
                "nameEn": "West Kowloon",
                "nameZh": "西九龍",
                "place": "neighbourhood"
            },
            "geometry": {
                "type": "Point",
                "coordinates": [
                    114.162927,
                    22.303361
                ]
            }
        },
        {
            "type": "Feature",
            "properties": {
                "name": "下葵涌",
                "nameEn": "Ha Kwai Chung",
                "nameZh": "下葵涌",
                "place": "quarter"
            },
            "geometry": {
                "type": "Point",
                "coordinates": [
                    114.1273578,
                    22.3512293
                ]
            }
        },
        {
            "type": "Feature",
            "properties": {
                "name": "中葵涌",
                "nameEn": "Chung Kwai Chung",
                "nameZh": "中葵涌",
                "place": "quarter"
            },
            "geometry": {
                "type": "Point",
                "coordinates": [
                    114.1305939,
                    22.3622433
                ]
            }
        },
        {
            "type": "Feature",
            "properties": {
                "name": "上葵涌",
                "nameEn": "Sheung Kwai Chung",
                "nameZh": "上葵涌",
                "place": "quarter"
            },
            "geometry": {
                "type": "Point",
                "coordinates": [
                    114.1357209,
                    22.3751012
                ]
            }
        },
        {
            "type": "Feature",
            "properties": {
                "name": "李鄭屋",
                "nameEn": "Li Cheng Uk",
                "nameZh": "李鄭屋",
                "place": "neighbourhood"
            },
            "geometry": {
                "type": "Point",
                "coordinates": [
                    114.1601675,
                    22.339414
                ]
            }
        },
        {
            "type": "Feature",
            "properties": {
                "name": "白田",
                "nameEn": "Pak Tin",
                "nameZh": "白田",
                "place": "neighbourhood"
            },
            "geometry": {
                "type": "Point",
                "coordinates": [
                    114.167014,
                    22.336798
                ]
            }
        },
        {
            "type": "Feature",
            "properties": {
                "name": "荔灣",
                "nameEn": "Lai Chi Kok Bay",
                "nameZh": "荔灣",
                "place": "quarter"
            },
            "geometry": {
                "type": "Point",
                "coordinates": [
                    114.1372262,
                    22.3418303
                ]
            }
        },
        {
            "type": "Feature",
            "properties": {
                "name": "荔景山",
                "nameEn": "Lai King Hill",
                "nameZh": "荔景山",
                "place": "neighbourhood"
            },
            "geometry": {
                "type": "Point",
                "coordinates": [
                    114.1289803,
                    22.3466673
                ]
            }
        },
        {
            "type": "Feature",
            "properties": {
                "name": "鹽田",
                "nameEn": "Yim Tin",
                "nameZh": "鹽田",
                "place": "quarter"
            },
            "geometry": {
                "type": "Point",
                "coordinates": [
                    113.8663993,
                    22.2536017
                ]
            }
        },
        {
            "type": "Feature",
            "properties": {
                "name": "東頭工業區",
                "nameEn": "Tung Tau Industrial Area",
                "nameZh": "東頭工業區",
                "place": "quarter"
            },
            "geometry": {
                "type": "Point",
                "coordinates": [
                    114.0292588,
                    22.4499628
                ]
            }
        },
        {
            "type": "Feature",
            "properties": {
                "name": "燕崗村",
                "nameEn": "Yin Kong Village",
                "nameZh": "燕崗村",
                "place": "village"
            },
            "geometry": {
                "type": "Point",
                "coordinates": [
                    114.1119822,
                    22.5040741
                ]
            }
        },
        {
            "type": "Feature",
            "properties": {
                "name": "加路連山",
                "nameEn": "Caroline Hill",
                "nameZh": "加路連山",
                "place": "neighbourhood"
            },
            "geometry": {
                "type": "Point",
                "coordinates": [
                    114.186479,
                    22.2765367
                ]
            }
        },
        {
            "type": "Feature",
            "properties": {
                "name": "摩利臣山",
                "nameEn": "Morrison Hill",
                "nameZh": "摩利臣山",
                "place": "quarter"
            },
            "geometry": {
                "type": "Point",
                "coordinates": [
                    114.1786891,
                    22.2763456
                ]
            }
        },
        {
            "type": "Feature",
            "properties": {
                "name": "禮頓山",
                "nameEn": "Leighton Hill",
                "nameZh": "禮頓山",
                "place": "neighbourhood"
            },
            "geometry": {
                "type": "Point",
                "coordinates": [
                    114.1840576,
                    22.2759332
                ]
            }
        },
        {
            "type": "Feature",
            "properties": {
                "name": "槍會山",
                "nameEn": "Gun Club Hill",
                "nameZh": "槍會山",
                "place": "neighbourhood"
            },
            "geometry": {
                "type": "Point",
                "coordinates": [
                    114.1745028,
                    22.3051338
                ]
            }
        },
        {
            "type": "Feature",
            "properties": {
                "name": "北港",
                "nameEn": "Pak Kong",
                "nameZh": "北港",
                "place": "village"
            },
            "geometry": {
                "type": "Point",
                "coordinates": [
                    114.2580995,
                    22.3798221
                ]
            }
        },
        {
            "type": "Feature",
            "properties": {
                "name": "葵盛圍",
                "nameEn": "Kwai Shing Circuit",
                "nameZh": "葵盛圍",
                "place": "neighbourhood"
            },
            "geometry": {
                "type": "Point",
                "coordinates": [
                    114.1247417,
                    22.3631657
                ]
            }
        },
        {
            "type": "Feature",
            "properties": {
                "name": "曹公潭",
                "nameEn": "Tso Kung Tam",
                "nameZh": "曹公潭",
                "place": "suburb"
            },
            "geometry": {
                "type": "Point",
                "coordinates": [
                    114.1066608,
                    22.3818196
                ]
            }
        },
        {
            "type": "Feature",
            "properties": {
                "name": "馬頭涌",
                "nameEn": "Ma Tau Chung",
                "nameZh": "馬頭涌",
                "place": "suburb"
            },
            "geometry": {
                "type": "Point",
                "coordinates": [
                    114.190254,
                    22.3240867
                ]
            }
        },
        {
            "type": "Feature",
            "properties": {
                "name": "關門口村",
                "nameEn": "Kwan Mun Hau Village",
                "nameZh": "關門口村",
                "place": "village"
            },
            "geometry": {
                "type": "Point",
                "coordinates": [
                    114.1246636,
                    22.3721066
                ]
            }
        },
        {
            "type": "Feature",
            "properties": {
                "name": "海壩新村",
                "nameEn": "Hoi Pa New Village",
                "nameZh": "海壩新村",
                "place": "village"
            },
            "geometry": {
                "type": "Point",
                "coordinates": [
                    114.1277309,
                    22.3720351
                ]
            }
        },
        {
            "type": "Feature",
            "properties": {
                "name": "河背村",
                "nameEn": "Ho Pui Village",
                "nameZh": "河背村",
                "place": "village"
            },
            "geometry": {
                "type": "Point",
                "coordinates": [
                    114.1266994,
                    22.3715323
                ]
            }
        },
        {
            "type": "Feature",
            "properties": {
                "name": "三疊潭",
                "nameEn": "Sam Dip Tam",
                "nameZh": "三疊潭",
                "place": "neighbourhood"
            },
            "geometry": {
                "type": "Point",
                "coordinates": [
                    114.1242921,
                    22.3845907
                ]
            }
        },
        {
            "type": "Feature",
            "properties": {
                "name": "東頭",
                "nameEn": "Tung Tau",
                "nameZh": "東頭",
                "place": "neighbourhood"
            },
            "geometry": {
                "type": "Point",
                "coordinates": [
                    114.1927957,
                    22.3335433
                ]
            }
        },
        {
            "type": "Feature",
            "properties": {
                "name": "五源",
                "nameZh": "五源",
                "place": "neighbourhood"
            },
            "geometry": {
                "type": "Point",
                "coordinates": [
                    114.1289355,
                    22.4472297
                ]
            }
        },
        {
            "type": "Feature",
            "properties": {
                "name": "大欖涌",
                "nameEn": "Tai Lam Chung",
                "nameZh": "大欖涌",
                "place": "suburb"
            },
            "geometry": {
                "type": "Point",
                "coordinates": [
                    114.0212094,
                    22.3639276
                ]
            }
        },
        {
            "type": "Feature",
            "properties": {
                "name": "掃管笏",
                "nameEn": "So Kwun Wat",
                "nameZh": "掃管笏",
                "place": "suburb"
            },
            "geometry": {
                "type": "Point",
                "coordinates": [
                    114.0017553,
                    22.3751909
                ]
            }
        },
        {
            "type": "Feature",
            "properties": {
                "name": "龍躍頭",
                "nameEn": "Lung Yeuk Tau",
                "nameZh": "龍躍頭",
                "place": "suburb"
            },
            "geometry": {
                "type": "Point",
                "coordinates": [
                    114.1508277,
                    22.5034329
                ]
            }
        },
        {
            "type": "Feature",
            "properties": {
                "name": "貝澳",
                "nameEn": "Pui O",
                "nameZh": "貝澳",
                "place": "suburb"
            },
            "geometry": {
                "type": "Point",
                "coordinates": [
                    113.9772366,
                    22.2415464
                ]
            }
        },
        {
            "type": "Feature",
            "properties": {
                "name": "萊洞",
                "nameEn": "Loi Tung",
                "nameZh": "萊洞",
                "place": "village"
            },
            "geometry": {
                "type": "Point",
                "coordinates": [
                    114.1829012,
                    22.5209032
                ]
            }
        },
        {
            "type": "Feature",
            "properties": {
                "name": "木湖",
                "nameEn": "Muk Wu",
                "nameZh": "木湖",
                "place": "village"
            },
            "geometry": {
                "type": "Point",
                "coordinates": [
                    114.1332667,
                    22.5392479
                ]
            }
        },
        {
            "type": "Feature",
            "properties": {
                "name": "小坑村",
                "nameEn": "Siu Hang Village",
                "nameZh": "小坑村",
                "place": "village"
            },
            "geometry": {
                "type": "Point",
                "coordinates": [
                    114.1475687,
                    22.509689
                ]
            }
        },
        {
            "type": "Feature",
            "properties": {
                "name": "新屋村",
                "nameEn": "San Uk Tsuen",
                "nameZh": "新屋村",
                "place": "village"
            },
            "geometry": {
                "type": "Point",
                "coordinates": [
                    114.1483706,
                    22.5043504
                ]
            }
        },
        {
            "type": "Feature",
            "properties": {
                "name": "軍地村",
                "nameEn": "Kwan Tei Tsuen",
                "nameZh": "軍地村",
                "place": "village"
            },
            "geometry": {
                "type": "Point",
                "coordinates": [
                    114.1609368,
                    22.5087078
                ]
            }
        },
        {
            "type": "Feature",
            "properties": {
                "name": "東閣圍",
                "nameEn": "Tung Kok Wai",
                "nameZh": "東閣圍",
                "place": "village"
            },
            "geometry": {
                "type": "Point",
                "coordinates": [
                    114.1535446,
                    22.5003348
                ]
            }
        },
        {
            "type": "Feature",
            "properties": {
                "name": "麻笏圍",
                "nameEn": "Ma Wat Wai",
                "nameZh": "麻笏圍",
                "place": "village"
            },
            "geometry": {
                "type": "Point",
                "coordinates": [
                    114.1504569,
                    22.4990608
                ]
            }
        },
        {
            "type": "Feature",
            "properties": {
                "name": "落馬洲",
                "nameEn": "Lok Ma Chau",
                "nameZh": "落馬洲",
                "place": "suburb"
            },
            "geometry": {
                "type": "Point",
                "coordinates": [
                    114.0838638,
                    22.5132161
                ]
            }
        },
        {
            "type": "Feature",
            "properties": {
                "name": "松柏朗",
                "nameEn": "Tsung Pak Long",
                "nameZh": "松柏朗",
                "place": "village"
            },
            "geometry": {
                "type": "Point",
                "coordinates": [
                    114.1179923,
                    22.503255
                ]
            }
        },
        {
            "type": "Feature",
            "properties": {
                "name": "大頭嶺村",
                "nameEn": "Tai Tau Leng Village",
                "nameZh": "大頭嶺村",
                "place": "village"
            },
            "geometry": {
                "type": "Point",
                "coordinates": [
                    114.1226874,
                    22.5017934
                ]
            }
        },
        {
            "type": "Feature",
            "properties": {
                "name": "月華街區",
                "nameEn": "Yuet Wah Street Area",
                "nameZh": "月華街區",
                "place": "neighbourhood"
            },
            "geometry": {
                "type": "Point",
                "coordinates": [
                    114.227418,
                    22.314002
                ]
            }
        },
        {
            "type": "Feature",
            "properties": {
                "name": "裕民坊",
                "nameEn": "Yue Man Square",
                "nameZh": "裕民坊",
                "place": "neighbourhood"
            },
            "geometry": {
                "type": "Point",
                "coordinates": [
                    114.2247663,
                    22.3140226
                ]
            }
        },
        {
            "type": "Feature",
            "properties": {
                "name": "觀塘商貿區",
                "nameEn": "Kwun Tong Business Area",
                "nameZh": "觀塘商貿區",
                "place": "quarter"
            },
            "geometry": {
                "type": "Point",
                "coordinates": [
                    114.2220834,
                    22.3104748
                ]
            }
        },
        {
            "type": "Feature",
            "properties": {
                "name": "小欖新村",
                "nameEn": "Siu Lam San Tsuen",
                "nameZh": "小欖新村",
                "place": "village"
            },
            "geometry": {
                "type": "Point",
                "coordinates": [
                    114.0023575,
                    22.3662386
                ]
            }
        },
        {
            "type": "Feature",
            "properties": {
                "name": "樂安排",
                "nameEn": "Lok On Pai",
                "nameZh": "樂安排",
                "place": "neighbourhood"
            },
            "geometry": {
                "type": "Point",
                "coordinates": [
                    114.0000587,
                    22.3615514
                ]
            }
        },
        {
            "type": "Feature",
            "properties": {
                "name": "青衣",
                "nameEn": "Tsing Yi",
                "nameZh": "青衣",
                "place": "town"
            },
            "geometry": {
                "type": "Point",
                "coordinates": [
                    114.097207,
                    22.348498
                ]
            }
        },
        {
            "type": "Feature",
            "properties": {
                "name": "大潭",
                "nameEn": "Tai Tam",
                "nameZh": "大潭",
                "place": "suburb"
            },
            "geometry": {
                "type": "Point",
                "coordinates": [
                    114.2228958,
                    22.2396729
                ]
            }
        },
        {
            "type": "Feature",
            "properties": {
                "name": "蓮麻坑",
                "nameEn": "Lin Ma Hang",
                "nameZh": "蓮麻坑",
                "place": "village"
            },
            "geometry": {
                "type": "Point",
                "coordinates": [
                    114.1812937,
                    22.550949
                ]
            }
        },
        {
            "type": "Feature",
            "properties": {
                "name": "荔枝窩",
                "nameEn": "Lai Chi Wo",
                "nameZh": "荔枝窩",
                "place": "village"
            },
            "geometry": {
                "type": "Point",
                "coordinates": [
                    114.2593574,
                    22.5268247
                ]
            }
        },
        {
            "type": "Feature",
            "properties": {
                "name": "九龍坑",
                "nameEn": "Kau Lung Hang",
                "nameZh": "九龍坑",
                "place": "suburb"
            },
            "geometry": {
                "type": "Point",
                "coordinates": [
                    114.1564648,
                    22.4776255
                ]
            }
        },
        {
            "type": "Feature",
            "properties": {
                "name": "亦園",
                "nameEn": "Yick Yuen",
                "nameZh": "亦園",
                "place": "village"
            },
            "geometry": {
                "type": "Point",
                "coordinates": [
                    113.988819,
                    22.4278056
                ]
            }
        },
        {
            "type": "Feature",
            "properties": {
                "name": "屯門市中心",
                "nameEn": "Tuen Mun Town Centre",
                "nameZh": "屯門市中心",
                "place": "quarter"
            },
            "geometry": {
                "type": "Point",
                "coordinates": [
                    113.9762817,
                    22.3912163
                ]
            }
        },
        {
            "type": "Feature",
            "properties": {
                "name": "三聖",
                "nameEn": "Sam Shing",
                "nameZh": "三聖",
                "place": "neighbourhood"
            },
            "geometry": {
                "type": "Point",
                "coordinates": [
                    113.9778336,
                    22.3821178
                ]
            }
        },
        {
            "type": "Feature",
            "properties": {
                "name": "散石灣",
                "nameEn": "San Shek Wan",
                "nameZh": "散石灣",
                "place": "neighbourhood"
            },
            "geometry": {
                "type": "Point",
                "coordinates": [
                    113.9635293,
                    22.384265
                ]
            }
        },
        {
            "type": "Feature",
            "properties": {
                "name": "蝴蝶灣",
                "nameEn": "Butterfly Beach",
                "nameZh": "蝴蝶灣",
                "place": "neighbourhood"
            },
            "geometry": {
                "type": "Point",
                "coordinates": [
                    113.9595973,
                    22.3752802
                ]
            }
        },
        {
            "type": "Feature",
            "properties": {
                "name": "紅橋",
                "nameEn": "Hung Kiu",
                "nameZh": "紅橋",
                "place": "neighbourhood"
            },
            "geometry": {
                "type": "Point",
                "coordinates": [
                    113.9782402,
                    22.4027547
                ]
            }
        },
        {
            "type": "Feature",
            "properties": {
                "name": "良田",
                "nameEn": "Leung Tin",
                "nameZh": "良田",
                "place": "neighbourhood"
            },
            "geometry": {
                "type": "Point",
                "coordinates": [
                    113.9668164,
                    22.4073088
                ]
            }
        },
        {
            "type": "Feature",
            "properties": {
                "name": "屯門工業區",
                "nameEn": "Tuen Mun Industrial Area",
                "nameZh": "屯門工業區",
                "place": "quarter"
            },
            "geometry": {
                "type": "Point",
                "coordinates": [
                    113.9695316,
                    22.3952556
                ]
            }
        },
        {
            "type": "Feature",
            "properties": {
                "name": "屯門南",
                "nameEn": "Tuen Mun South",
                "nameZh": "屯門南",
                "place": "quarter"
            },
            "geometry": {
                "type": "Point",
                "coordinates": [
                    113.9689387,
                    22.3789871
                ]
            }
        },
        {
            "type": "Feature",
            "properties": {
                "name": "屯門碼頭區",
                "nameEn": "Tuen Mun Pier Head",
                "nameZh": "屯門碼頭區",
                "place": "neighbourhood"
            },
            "geometry": {
                "type": "Point",
                "coordinates": [
                    113.9667148,
                    22.3734432
                ]
            }
        },
        {
            "type": "Feature",
            "properties": {
                "name": "舊墟村",
                "nameEn": "Kau Hui Village",
                "nameZh": "舊墟村",
                "place": "village"
            },
            "geometry": {
                "type": "Point",
                "coordinates": [
                    113.978532,
                    22.4002904
                ]
            }
        },
        {
            "type": "Feature",
            "properties": {
                "name": "白石",
                "nameEn": "Whitehead",
                "nameZh": "白石",
                "place": "quarter"
            },
            "geometry": {
                "type": "Point",
                "coordinates": [
                    114.2421484,
                    22.4337599
                ]
            }
        },
        {
            "type": "Feature",
            "properties": {
                "name": "馬鞍山市中心",
                "nameEn": "Ma On Shan Town Centre",
                "nameZh": "馬鞍山市中心",
                "place": "suburb"
            },
            "geometry": {
                "type": "Point",
                "coordinates": [
                    114.2301911,
                    22.4228112
                ]
            }
        },
        {
            "type": "Feature",
            "properties": {
                "name": "亞公角",
                "nameEn": "A Kung Kok",
                "nameZh": "亞公角",
                "place": "suburb"
            },
            "geometry": {
                "type": "Point",
                "coordinates": [
                    114.2166514,
                    22.3999491
                ]
            }
        },
        {
            "type": "Feature",
            "properties": {
                "name": "水泉澳",
                "nameEn": "Shui Chuen O",
                "nameZh": "水泉澳",
                "place": "quarter"
            },
            "geometry": {
                "type": "Point",
                "coordinates": [
                    114.1988039,
                    22.3699003
                ]
            }
        },
        {
            "type": "Feature",
            "properties": {
                "name": "烏溪沙",
                "nameEn": "Wu Kai Sha",
                "nameZh": "烏溪沙",
                "place": "suburb"
            },
            "geometry": {
                "type": "Point",
                "coordinates": [
                    114.2420465,
                    22.4281964
                ]
            }
        },
        {
            "type": "Feature",
            "properties": {
                "name": "大水坑",
                "nameEn": "Tai Shui Hang",
                "nameZh": "大水坑",
                "place": "suburb"
            },
            "geometry": {
                "type": "Point",
                "coordinates": [
                    114.2236358,
                    22.4080529
                ]
            }
        },
        {
            "type": "Feature",
            "properties": {
                "name": "沙田中",
                "nameEn": "Sha Tin Central",
                "nameZh": "沙田中",
                "place": "suburb"
            },
            "geometry": {
                "type": "Point",
                "coordinates": [
                    114.1899975,
                    22.3835571
                ]
            }
        },
        {
            "type": "Feature",
            "properties": {
                "name": "沙田頭",
                "nameEn": "Sha Tin Tau",
                "nameZh": "沙田頭",
                "place": "suburb"
            },
            "geometry": {
                "type": "Point",
                "coordinates": [
                    114.1868654,
                    22.3728717
                ]
            }
        },
        {
            "type": "Feature",
            "properties": {
                "name": "沙田圍",
                "nameEn": "Sha Tin Wai",
                "nameZh": "沙田圍",
                "place": "suburb"
            },
            "geometry": {
                "type": "Point",
                "coordinates": [
                    114.1950783,
                    22.377681
                ]
            }
        },
        {
            "type": "Feature",
            "properties": {
                "name": "窩打老道山",
                "nameEn": "Waterloo Hill",
                "nameZh": "窩打老道山",
                "place": "neighbourhood"
            },
            "geometry": {
                "type": "Point",
                "coordinates": [
                    114.1776559,
                    22.3192877
                ]
            }
        },
        {
            "type": "Feature",
            "properties": {
                "name": "亞公灣",
                "nameEn": "Ah Kung Wan",
                "nameZh": "亞公灣",
                "place": "suburb"
            },
            "geometry": {
                "type": "Point",
                "coordinates": [
                    114.2660813,
                    22.3298328
                ]
            }
        },
        {
            "type": "Feature",
            "properties": {
                "name": "蘇豪",
                "nameEn": "SoHo",
                "nameZh": "蘇豪",
                "place": "neighbourhood"
            },
            "geometry": {
                "type": "Point",
                "coordinates": [
                    114.1529148,
                    22.2823002
                ]
            }
        },
        {
            "type": "Feature",
            "properties": {
                "name": "雞籠灣",
                "nameEn": "Kellett Bay",
                "nameZh": "雞籠灣",
                "place": "quarter"
            },
            "geometry": {
                "type": "Point",
                "coordinates": [
                    114.1397632,
                    22.2510328
                ]
            }
        },
        {
            "type": "Feature",
            "properties": {
                "name": "西半山",
                "nameEn": "Mid-Levels West",
                "nameZh": "西半山",
                "place": "quarter"
            },
            "geometry": {
                "type": "Point",
                "coordinates": [
                    114.1459536,
                    22.2827032
                ]
            }
        },
        {
            "type": "Feature",
            "properties": {
                "name": "愛秩序灣",
                "nameEn": "Aldrich Bay",
                "nameZh": "愛秩序灣",
                "place": "neighbourhood"
            },
            "geometry": {
                "type": "Point",
                "coordinates": [
                    114.2280453,
                    22.2816012
                ]
            }
        },
        {
            "type": "Feature",
            "properties": {
                "name": "中半山",
                "nameEn": "Mid-Levels Central",
                "nameZh": "中半山",
                "place": "quarter"
            },
            "geometry": {
                "type": "Point",
                "coordinates": [
                    114.1667247,
                    22.272795
                ]
            }
        },
        {
            "type": "Feature",
            "properties": {
                "name": "丹拿山",
                "nameEn": "Tanner Hill",
                "nameZh": "丹拿山",
                "place": "neighbourhood"
            },
            "geometry": {
                "type": "Point",
                "coordinates": [
                    114.2014777,
                    22.2899546
                ]
            }
        },
        {
            "type": "Feature",
            "properties": {
                "name": "灣仔北",
                "nameEn": "Wan Chai North",
                "nameZh": "灣仔北",
                "place": "quarter"
            },
            "geometry": {
                "type": "Point",
                "coordinates": [
                    114.1740632,
                    22.2813828
                ]
            }
        },
        {
            "type": "Feature",
            "properties": {
                "name": "何文田山",
                "nameEn": "Ho Man Tin Hill",
                "nameZh": "何文田山",
                "place": "neighbourhood"
            },
            "geometry": {
                "type": "Point",
                "coordinates": [
                    114.176445,
                    22.3167012
                ]
            }
        },
        {
            "type": "Feature",
            "properties": {
                "name": "大環",
                "nameEn": "Tai Wan",
                "nameZh": "大環",
                "place": "neighbourhood"
            },
            "geometry": {
                "type": "Point",
                "coordinates": [
                    114.1923748,
                    22.3064683
                ]
            }
        },
        {
            "type": "Feature",
            "properties": {
                "name": "鶴園",
                "nameEn": "Hok Yuen",
                "nameZh": "鶴園",
                "place": "quarter"
            },
            "geometry": {
                "type": "Point",
                "coordinates": [
                    114.1866568,
                    22.31103
                ]
            }
        },
        {
            "type": "Feature",
            "properties": {
                "name": "阿公岩",
                "nameEn": "A Kung Ngam",
                "nameZh": "阿公岩",
                "place": "village"
            },
            "geometry": {
                "type": "Point",
                "coordinates": [
                    114.2327902,
                    22.282033
                ]
            }
        },
        {
            "type": "Feature",
            "properties": {
                "name": "掃管埔村",
                "nameEn": "So Kwun Po Village",
                "nameZh": "掃管埔村",
                "place": "village"
            },
            "geometry": {
                "type": "Point",
                "coordinates": [
                    114.1311868,
                    22.5002506
                ]
            }
        },
        {
            "type": "Feature",
            "properties": {
                "name": "七姊妹",
                "nameEn": "Tsat Tsz Mui",
                "nameZh": "七姊妹",
                "place": "neighbourhood"
            },
            "geometry": {
                "type": "Point",
                "coordinates": [
                    114.2060181,
                    22.2913562
                ]
            }
        },
        {
            "type": "Feature",
            "properties": {
                "name": "雞嶺村",
                "nameEn": "Kai Leng Village",
                "nameZh": "雞嶺村",
                "place": "village"
            },
            "geometry": {
                "type": "Point",
                "coordinates": [
                    114.1298444,
                    22.4939767
                ]
            }
        },
        {
            "type": "Feature",
            "properties": {
                "name": "加多利山",
                "nameEn": "Kadoorie Hill",
                "nameZh": "加多利山",
                "place": "neighbourhood"
            },
            "geometry": {
                "type": "Point",
                "coordinates": [
                    114.1764783,
                    22.3232983
                ]
            }
        },
        {
            "type": "Feature",
            "properties": {
                "name": "元洲",
                "nameEn": "Un Chau",
                "nameZh": "元洲",
                "place": "neighbourhood"
            },
            "geometry": {
                "type": "Point",
                "coordinates": [
                    114.1634006,
                    22.3318832
                ]
            }
        },
        {
            "type": "Feature",
            "properties": {
                "name": "老龍坑",
                "nameEn": "Lo Lung Hang",
                "nameZh": "老龍坑",
                "place": "neighbourhood"
            },
            "geometry": {
                "type": "Point",
                "coordinates": [
                    114.1827133,
                    22.3117641
                ]
            }
        },
        {
            "type": "Feature",
            "properties": {
                "name": "靠背壟",
                "nameEn": "Kau Pui Lung",
                "nameZh": "靠背壟",
                "place": "neighbourhood"
            },
            "geometry": {
                "type": "Point",
                "coordinates": [
                    114.1853932,
                    22.3209533
                ]
            }
        },
        {
            "type": "Feature",
            "properties": {
                "name": "衙前圍",
                "nameEn": "Nga Tsin Wai",
                "nameZh": "衙前圍",
                "place": "neighbourhood"
            },
            "geometry": {
                "type": "Point",
                "coordinates": [
                    114.1927929,
                    22.3355302
                ]
            }
        },
        {
            "type": "Feature",
            "properties": {
                "name": "上水圍",
                "nameEn": "Sheung Shui Wai",
                "nameZh": "上水圍",
                "place": "village"
            },
            "geometry": {
                "type": "Point",
                "coordinates": [
                    114.1247043,
                    22.5091046
                ]
            }
        },
        {
            "type": "Feature",
            "properties": {
                "name": "西澳村",
                "nameEn": "Sai O Village",
                "nameZh": "西澳村",
                "place": "village"
            },
            "geometry": {
                "type": "Point",
                "coordinates": [
                    114.2542234,
                    22.4300111
                ]
            }
        },
        {
            "type": "Feature",
            "properties": {
                "name": "牛池灣村",
                "nameEn": "Ngau Chi Wan Village",
                "nameZh": "牛池灣村",
                "place": "village"
            },
            "geometry": {
                "type": "Point",
                "coordinates": [
                    114.2081448,
                    22.3354568
                ]
            }
        },
        {
            "type": "Feature",
            "properties": {
                "name": "大浪灣村",
                "nameEn": "Tai Long Wan Village",
                "nameZh": "大浪灣村",
                "place": "village"
            },
            "geometry": {
                "type": "Point",
                "coordinates": [
                    114.2442882,
                    22.2475393
                ]
            }
        },
        {
            "type": "Feature",
            "properties": {
                "name": "小坑新村",
                "nameEn": "Siu Hang New Village",
                "nameZh": "小坑新村",
                "place": "village"
            },
            "geometry": {
                "type": "Point",
                "coordinates": [
                    114.1455163,
                    22.5096743
                ]
            }
        },
        {
            "type": "Feature",
            "properties": {
                "name": "永寧圍",
                "nameEn": "Wing Ning Wai",
                "nameZh": "永寧圍",
                "place": "village"
            },
            "geometry": {
                "type": "Point",
                "coordinates": [
                    114.1500898,
                    22.5018926
                ]
            }
        },
        {
            "type": "Feature",
            "properties": {
                "name": "禾寮坑村",
                "nameEn": "Wo Liu Hang Village",
                "nameZh": "禾寮坑村",
                "place": "village"
            },
            "geometry": {
                "type": "Point",
                "coordinates": [
                    114.1968373,
                    22.3992625
                ]
            }
        },
        {
            "type": "Feature",
            "properties": {
                "name": "多石村",
                "nameEn": "To Shek Village",
                "nameZh": "多石村",
                "place": "village"
            },
            "geometry": {
                "type": "Point",
                "coordinates": [
                    114.2028107,
                    22.377057
                ]
            }
        },
        {
            "type": "Feature",
            "properties": {
                "name": "插桅杆村",
                "nameEn": "Chap Wai Kon Village",
                "nameZh": "插桅杆村",
                "place": "village"
            },
            "geometry": {
                "type": "Point",
                "coordinates": [
                    114.2058078,
                    22.3785715
                ]
            }
        },
        {
            "type": "Feature",
            "properties": {
                "name": "粉嶺圍",
                "nameEn": "Fanling Wai",
                "nameZh": "粉嶺圍",
                "place": "village"
            },
            "geometry": {
                "type": "Point",
                "coordinates": [
                    114.1360233,
                    22.4968874
                ]
            }
        },
        {
            "type": "Feature",
            "properties": {
                "name": "深井村",
                "nameEn": "Sham Tseng Village",
                "nameZh": "深井村",
                "place": "village"
            },
            "geometry": {
                "type": "Point",
                "coordinates": [
                    114.0583282,
                    22.3677216
                ]
            }
        },
        {
            "type": "Feature",
            "properties": {
                "name": "粉嶺樓村",
                "nameEn": "Fan Leng Lau Village",
                "nameZh": "粉嶺樓村",
                "place": "village"
            },
            "geometry": {
                "type": "Point",
                "coordinates": [
                    114.1406988,
                    22.4969653
                ]
            }
        },
        {
            "type": "Feature",
            "properties": {
                "name": "南涌羅屋",
                "nameEn": "Nam Chung Lo Uk",
                "nameZh": "南涌羅屋",
                "place": "neighbourhood"
            },
            "geometry": {
                "type": "Point",
                "coordinates": [
                    114.2056886,
                    22.5183311
                ]
            }
        },
        {
            "type": "Feature",
            "properties": {
                "name": "南涌鄭屋",
                "nameEn": "Nam Chung Cheng Uk",
                "nameZh": "南涌鄭屋",
                "place": "neighbourhood"
            },
            "geometry": {
                "type": "Point",
                "coordinates": [
                    114.2070261,
                    22.5197165
                ]
            }
        },
        {
            "type": "Feature",
            "properties": {
                "name": "鹿頸黃屋",
                "nameEn": "Luk Keng Wong Uk",
                "nameZh": "鹿頸黃屋",
                "place": "neighbourhood"
            },
            "geometry": {
                "type": "Point",
                "coordinates": [
                    114.2161809,
                    22.5215962
                ]
            }
        },
        {
            "type": "Feature",
            "properties": {
                "name": "火炭村",
                "nameEn": "Fo Tan Village",
                "nameZh": "火炭村",
                "place": "village"
            },
            "geometry": {
                "type": "Point",
                "coordinates": [
                    114.1955705,
                    22.3952717
                ]
            }
        },
        {
            "type": "Feature",
            "properties": {
                "name": "馬游塘",
                "nameEn": "Ma Yau Tong",
                "nameZh": "馬游塘",
                "place": "suburb"
            },
            "geometry": {
                "type": "Point",
                "coordinates": [
                    114.2440499,
                    22.3169645
                ]
            }
        },
        {
            "type": "Feature",
            "properties": {
                "name": "沙埔崗",
                "nameEn": "Sha Po Kong",
                "nameZh": "沙埔崗",
                "place": "village"
            },
            "geometry": {
                "type": "Point",
                "coordinates": [
                    113.9212972,
                    22.3885811
                ]
            }
        },
        {
            "type": "Feature",
            "properties": {
                "name": "清水灣",
                "nameEn": "Clear Water Bay",
                "nameZh": "清水灣",
                "place": "suburb"
            },
            "geometry": {
                "type": "Point",
                "coordinates": [
                    114.2914796,
                    22.2976733
                ]
            }
        },
        {
            "type": "Feature",
            "properties": {
                "name": "大窩山",
                "nameEn": "Tai Wo Hill",
                "nameZh": "大窩山",
                "place": "neighbourhood"
            },
            "geometry": {
                "type": "Point",
                "coordinates": [
                    114.1370333,
                    22.3554164
                ]
            }
        },
        {
            "type": "Feature",
            "properties": {
                "name": "皇后山",
                "nameEn": "Queen's Hill",
                "nameZh": "皇后山",
                "place": "suburb"
            },
            "geometry": {
                "type": "Point",
                "coordinates": [
                    114.1590031,
                    22.5038216
                ]
            }
        },
        {
            "type": "Feature",
            "properties": {
                "name": "深井新村",
                "nameEn": "Sham Tseng Sun Tsuen",
                "nameZh": "深井新村",
                "place": "village"
            },
            "geometry": {
                "type": "Point",
                "coordinates": [
                    114.0594283,
                    22.3693248
                ]
            }
        },
        {
            "type": "Feature",
            "properties": {
                "name": "祥降圍",
                "nameEn": "Tseung Kong Wai",
                "nameZh": "祥降圍",
                "place": "village"
            },
            "geometry": {
                "type": "Point",
                "coordinates": [
                    113.9879635,
                    22.4499161
                ]
            }
        },
        {
            "type": "Feature",
            "properties": {
                "name": "沙欄",
                "nameEn": "Sha Lan",
                "nameZh": "沙欄",
                "place": "neighbourhood"
            },
            "geometry": {
                "type": "Point",
                "coordinates": [
                    114.2074513,
                    22.4599417
                ]
            }
        },
        {
            "type": "Feature",
            "properties": {
                "name": "鳳園",
                "nameEn": "Fung Yuen",
                "nameZh": "鳳園",
                "place": "quarter"
            },
            "geometry": {
                "type": "Point",
                "coordinates": [
                    114.1809907,
                    22.4654036
                ]
            }
        },
        {
            "type": "Feature",
            "properties": {
                "name": "元朗南",
                "nameEn": "Yuen Long South",
                "nameZh": "元朗南",
                "place": "quarter"
            },
            "geometry": {
                "type": "Point",
                "coordinates": [
                    114.0242833,
                    22.4358573
                ]
            }
        },
        {
            "type": "Feature",
            "properties": {
                "name": "大橋",
                "nameEn": "Tai Kiu",
                "nameZh": "大橋",
                "place": "neighbourhood"
            },
            "geometry": {
                "type": "Point",
                "coordinates": [
                    114.0268984,
                    22.4460513
                ]
            }
        },
        {
            "type": "Feature",
            "properties": {
                "name": "屏山",
                "nameEn": "Ping Shan",
                "nameZh": "屏山",
                "place": "suburb"
            },
            "geometry": {
                "type": "Point",
                "coordinates": [
                    114.0083831,
                    22.4437805
                ]
            }
        },
        {
            "type": "Feature",
            "properties": {
                "name": "廈村",
                "nameEn": "Ha Tsuen",
                "nameZh": "廈村",
                "place": "suburb"
            },
            "geometry": {
                "type": "Point",
                "coordinates": [
                    113.9923811,
                    22.4474544
                ]
            }
        },
        {
            "type": "Feature",
            "properties": {
                "name": "水邊圍",
                "nameEn": "Shui Pin Wai",
                "nameZh": "水邊圍",
                "place": "quarter"
            },
            "geometry": {
                "type": "Point",
                "coordinates": [
                    114.0197048,
                    22.4445269
                ]
            }
        },
        {
            "type": "Feature",
            "properties": {
                "name": "元朗新墟",
                "nameEn": "Yuen Long San Hui",
                "nameZh": "元朗新墟",
                "place": "neighbourhood"
            },
            "geometry": {
                "type": "Point",
                "coordinates": [
                    114.0309164,
                    22.4450164
                ]
            }
        },
        {
            "type": "Feature",
            "properties": {
                "name": "元朗市中心",
                "nameEn": "Yuen Long Town Centre",
                "nameZh": "元朗市中心",
                "place": "quarter"
            },
            "geometry": {
                "type": "Point",
                "coordinates": [
                    114.0294546,
                    22.4443371
                ]
            }
        },
        {
            "type": "Feature",
            "properties": {
                "name": "馬灣",
                "nameEn": "Ma Wan",
                "nameZh": "馬灣",
                "place": "town"
            },
            "geometry": {
                "type": "Point",
                "coordinates": [
                    114.0596406,
                    22.3521356
                ]
            }
        },
        {
            "type": "Feature",
            "properties": {
                "name": "錦田市",
                "nameEn": "Kam Tin Shi",
                "nameZh": "錦田市",
                "place": "village"
            },
            "geometry": {
                "type": "Point",
                "coordinates": [
                    114.0616545,
                    22.4404673
                ]
            }
        },
        {
            "type": "Feature",
            "properties": {
                "name": "錦田市中心",
                "nameEn": "Kam Tin Town Centre",
                "nameZh": "錦田市中心",
                "place": "quarter"
            },
            "geometry": {
                "type": "Point",
                "coordinates": [
                    114.0651977,
                    22.440238
                ]
            }
        },
        {
            "type": "Feature",
            "properties": {
                "name": "錦田北",
                "nameEn": "Kam Tin North",
                "nameZh": "錦田北",
                "place": "quarter"
            },
            "geometry": {
                "type": "Point",
                "coordinates": [
                    114.0590018,
                    22.4475784
                ]
            }
        },
        {
            "type": "Feature",
            "properties": {
                "name": "錦田南",
                "nameEn": "Kam Tin South",
                "nameZh": "錦田南",
                "place": "quarter"
            },
            "geometry": {
                "type": "Point",
                "coordinates": [
                    114.0646505,
                    22.4338442
                ]
            }
        },
        {
            "type": "Feature",
            "properties": {
                "name": "大棠",
                "nameEn": "Tai Tong",
                "nameZh": "大棠",
                "place": "quarter"
            },
            "geometry": {
                "type": "Point",
                "coordinates": [
                    114.0241653,
                    22.4169002
                ]
            }
        },
        {
            "type": "Feature",
            "properties": {
                "name": "田心村",
                "nameEn": "Tin Sum Village",
                "nameZh": "田心村",
                "place": "village"
            },
            "geometry": {
                "type": "Point",
                "coordinates": [
                    113.9913994,
                    22.4349227
                ]
            }
        },
        {
            "type": "Feature",
            "properties": {
                "name": "粉嶺南",
                "nameEn": "Fanling South",
                "nameZh": "粉嶺南",
                "place": "quarter"
            },
            "geometry": {
                "type": "Point",
                "coordinates": [
                    114.1420282,
                    22.4857758
                ]
            }
        },
        {
            "type": "Feature",
            "properties": {
                "name": "大旗嶺",
                "nameEn": "Tai Kei Leng",
                "nameZh": "大旗嶺",
                "place": "quarter"
            },
            "geometry": {
                "type": "Point",
                "coordinates": [
                    114.0324667,
                    22.4348111
                ]
            }
        },
        {
            "type": "Feature",
            "properties": {
                "name": "和合石",
                "nameEn": "Wo Hop Shek",
                "nameZh": "和合石",
                "place": "suburb"
            },
            "geometry": {
                "type": "Point",
                "coordinates": [
                    114.1486788,
                    22.482701
                ]
            }
        },
        {
            "type": "Feature",
            "properties": {
                "name": "白田",
                "nameEn": "Pak Tin",
                "nameZh": "白田",
                "place": "quarter"
            },
            "geometry": {
                "type": "Point",
                "coordinates": [
                    114.1730083,
                    22.3790927
                ]
            }
        },
        {
            "type": "Feature",
            "properties": {
                "name": "大圍墟",
                "nameEn": "Tai Wai Hui",
                "nameZh": "大圍墟",
                "place": "quarter"
            },
            "geometry": {
                "type": "Point",
                "coordinates": [
                    114.1780152,
                    22.3754143
                ]
            }
        },
        {
            "type": "Feature",
            "properties": {
                "name": "紅梅谷",
                "nameEn": "Hung Mui Kuk",
                "nameZh": "紅梅谷",
                "place": "quarter"
            },
            "geometry": {
                "type": "Point",
                "coordinates": [
                    114.1805504,
                    22.3665559
                ]
            }
        },
        {
            "type": "Feature",
            "properties": {
                "name": "隔田",
                "nameEn": "Kak Tin",
                "nameZh": "隔田",
                "place": "quarter"
            },
            "geometry": {
                "type": "Point",
                "coordinates": [
                    114.1832347,
                    22.3685281
                ]
            }
        },
        {
            "type": "Feature",
            "properties": {
                "name": "顯田",
                "nameEn": "Hin Tin",
                "nameZh": "顯田",
                "place": "neighbourhood"
            },
            "geometry": {
                "type": "Point",
                "coordinates": [
                    114.172765,
                    22.3621216
                ]
            }
        },
        {
            "type": "Feature",
            "properties": {
                "name": "顯徑",
                "nameEn": "Hin Keng",
                "nameZh": "顯徑",
                "place": "quarter"
            },
            "geometry": {
                "type": "Point",
                "coordinates": [
                    114.1736003,
                    22.3635303
                ]
            }
        },
        {
            "type": "Feature",
            "properties": {
                "name": "銅鑼灣",
                "nameEn": "Tung Lo Wan",
                "nameZh": "銅鑼灣",
                "place": "quarter"
            },
            "geometry": {
                "type": "Point",
                "coordinates": [
                    114.1804361,
                    22.3813944
                ]
            }
        },
        {
            "type": "Feature",
            "properties": {
                "name": "鶴咀",
                "nameEn": "Cape D'Aguilar",
                "nameZh": "鶴咀",
                "place": "suburb"
            },
            "geometry": {
                "type": "Point",
                "coordinates": [
                    114.2512035,
                    22.2124971
                ]
            }
        },
        {
            "type": "Feature",
            "properties": {
                "name": "沙田嶺",
                "nameEn": "Sha Tin Heights",
                "nameZh": "沙田嶺",
                "place": "quarter"
            },
            "geometry": {
                "type": "Point",
                "coordinates": [
                    114.1680282,
                    22.3679209
                ]
            }
        },
        {
            "type": "Feature",
            "properties": {
                "name": "隔田村公廟",
                "nameEn": "Kak Tin Village Kung Miu",
                "nameZh": "隔田村公廟",
                "place": "neighbourhood"
            },
            "geometry": {
                "type": "Point",
                "coordinates": [
                    114.1824485,
                    22.3674186
                ]
            }
        },
        {
            "type": "Feature",
            "properties": {
                "name": "將軍澳村",
                "nameEn": "Tseung Kwan O Village",
                "nameZh": "將軍澳村",
                "place": "quarter"
            },
            "geometry": {
                "type": "Point",
                "coordinates": [
                    114.250415,
                    22.3280627
                ]
            }
        },
        {
            "type": "Feature",
            "properties": {
                "name": "上璋圍",
                "nameEn": "Sheung Cheung Wai",
                "nameZh": "上璋圍",
                "place": "village"
            },
            "geometry": {
                "type": "Point",
                "coordinates": [
                    114.0065204,
                    22.4466835
                ]
            }
        },
        {
            "type": "Feature",
            "properties": {
                "name": "羅湖",
                "nameEn": "Lo Wu",
                "nameZh": "羅湖",
                "place": "suburb"
            },
            "geometry": {
                "type": "Point",
                "coordinates": [
                    114.1137168,
                    22.5289183
                ]
            }
        },
        {
            "type": "Feature",
            "properties": {
                "name": "寶華園",
                "nameEn": "Po Wa Yuen",
                "nameZh": "寶華園",
                "place": "village"
            },
            "geometry": {
                "type": "Point",
                "coordinates": [
                    114.1109562,
                    22.2275492
                ]
            }
        },
        {
            "type": "Feature",
            "properties": {
                "name": "深灣",
                "nameEn": "Sham Wan",
                "nameZh": "深灣",
                "place": "suburb"
            },
            "geometry": {
                "type": "Point",
                "coordinates": [
                    114.1654494,
                    22.2448122
                ]
            }
        },
        {
            "type": "Feature",
            "properties": {
                "name": "薄扶林村",
                "nameEn": "Pok Fu Lam Village",
                "nameZh": "薄扶林村",
                "place": "village"
            },
            "geometry": {
                "type": "Point",
                "coordinates": [
                    114.1375074,
                    22.2606831
                ]
            }
        },
        {
            "type": "Feature",
            "properties": {
                "name": "觀塘半山",
                "nameEn": "Kwun Tong Mid-Levels",
                "nameZh": "觀塘半山",
                "place": "quarter"
            },
            "geometry": {
                "type": "Point",
                "coordinates": [
                    114.2254114,
                    22.3176565
                ]
            }
        },
        {
            "type": "Feature",
            "properties": {
                "name": "堡壘街區",
                "nameEn": "Fort Street Area",
                "nameZh": "堡壘街區",
                "place": "neighbourhood"
            },
            "geometry": {
                "type": "Point",
                "coordinates": [
                    114.1968674,
                    22.289752
                ]
            }
        },
        {
            "type": "Feature",
            "properties": {
                "name": "啟德城中心",
                "nameEn": "Kai Tak City Centre",
                "nameZh": "啟德城中心",
                "place": "quarter"
            },
            "geometry": {
                "type": "Point",
                "coordinates": [
                    114.1980477,
                    22.3299647
                ]
            }
        },
        {
            "type": "Feature",
            "properties": {
                "name": "啟德跑道區",
                "nameEn": "Kai Tak Runway Area",
                "nameZh": "啟德跑道區",
                "place": "quarter"
            },
            "geometry": {
                "type": "Point",
                "coordinates": [
                    114.2070866,
                    22.3121256
                ]
            }
        },
        {
            "type": "Feature",
            "properties": {
                "name": "啟德南停機坪區",
                "nameEn": "Kai Tak South Apron Area",
                "nameZh": "啟德南停機坪區",
                "place": "quarter"
            },
            "geometry": {
                "type": "Point",
                "coordinates": [
                    114.2078574,
                    22.3169931
                ]
            }
        },
        {
            "type": "Feature",
            "properties": {
                "name": "掃管笏村",
                "nameEn": "So Kwun Wat Tsuen",
                "nameZh": "掃管笏村",
                "place": "quarter"
            },
            "geometry": {
                "type": "Point",
                "coordinates": [
                    114.0063634,
                    22.3768228
                ]
            }
        },
        {
            "type": "Feature",
            "properties": {
                "name": "掃管笏村第3區",
                "nameEn": "So Kwun Wat Tsuen Area 3",
                "nameZh": "掃管笏村第3區",
                "place": "neighbourhood"
            },
            "geometry": {
                "type": "Point",
                "coordinates": [
                    114.0065593,
                    22.3759969
                ]
            }
        },
        {
            "type": "Feature",
            "properties": {
                "name": "掃管笏村第2區",
                "nameEn": "So Kwun Wat Tsuen Area 2",
                "nameZh": "掃管笏村第2區",
                "place": "neighbourhood"
            },
            "geometry": {
                "type": "Point",
                "coordinates": [
                    114.0072016,
                    22.3773622
                ]
            }
        },
        {
            "type": "Feature",
            "properties": {
                "name": "掃管笏村第1區",
                "nameEn": "So Kwun Wat Tsuen Area 1",
                "nameZh": "掃管笏村第1區",
                "place": "neighbourhood"
            },
            "geometry": {
                "type": "Point",
                "coordinates": [
                    114.0050545,
                    22.3774131
                ]
            }
        },
        {
            "type": "Feature",
            "properties": {
                "name": "掃管笏陳屋村",
                "nameEn": "So Kwun Wat Chan Uk Tsuen",
                "nameZh": "掃管笏陳屋村",
                "place": "village"
            },
            "geometry": {
                "type": "Point",
                "coordinates": [
                    114.0072794,
                    22.3771378
                ]
            }
        },
        {
            "type": "Feature",
            "properties": {
                "name": "掃管笏程屋村",
                "nameEn": "So Kwun Wat Ching Uk Tsuen",
                "nameZh": "掃管笏程屋村",
                "place": "village"
            },
            "geometry": {
                "type": "Point",
                "coordinates": [
                    114.0095982,
                    22.3769989
                ]
            }
        },
        {
            "type": "Feature",
            "properties": {
                "name": "掃管笏李屋村",
                "nameEn": "So Kwun Wat Lee Uk Tsuen",
                "nameZh": "掃管笏李屋村",
                "place": "village"
            },
            "geometry": {
                "type": "Point",
                "coordinates": [
                    114.0068033,
                    22.3766628
                ]
            }
        },
        {
            "type": "Feature",
            "properties": {
                "name": "小欖",
                "nameEn": "Siu Lam",
                "nameZh": "小欖",
                "place": "suburb"
            },
            "geometry": {
                "type": "Point",
                "coordinates": [
                    114.0076788,
                    22.3667693
                ]
            }
        },
        {
            "type": "Feature",
            "properties": {
                "name": "稔灣村",
                "nameEn": "Nim Wan Tsuen",
                "nameZh": "稔灣村",
                "place": "village"
            },
            "geometry": {
                "type": "Point",
                "coordinates": [
                    113.9975631,
                    22.3700268
                ]
            }
        },
        {
            "type": "Feature",
            "properties": {
                "name": "掃管灘",
                "nameEn": "So Kwun Tan",
                "nameZh": "掃管灘",
                "place": "quarter"
            },
            "geometry": {
                "type": "Point",
                "coordinates": [
                    113.9946797,
                    22.3700069
                ]
            }
        },
        {
            "type": "Feature",
            "properties": {
                "name": "將軍澳南",
                "nameEn": "Tseung Kwan O South",
                "nameZh": "將軍澳南",
                "place": "quarter"
            },
            "geometry": {
                "type": "Point",
                "coordinates": [
                    114.260473,
                    22.30347
                ]
            }
        },
        {
            "type": "Feature",
            "properties": {
                "name": "將軍澳市中心",
                "nameEn": "Tseung Kwan O Town Centre",
                "nameZh": "將軍澳市中心",
                "place": "suburb"
            },
            "geometry": {
                "type": "Point",
                "coordinates": [
                    114.259872,
                    22.308989
                ]
            }
        },
        {
            "type": "Feature",
            "properties": {
                "name": "屯門北",
                "nameEn": "Tuen Mun North",
                "nameZh": "屯門北",
                "place": "quarter"
            },
            "geometry": {
                "type": "Point",
                "coordinates": [
                    113.9747,
                    22.4106715
                ]
            }
        },
        {
            "type": "Feature",
            "properties": {
                "name": "屯門中",
                "nameEn": "Tuen Mun Central",
                "nameZh": "屯門中",
                "place": "quarter"
            },
            "geometry": {
                "type": "Point",
                "coordinates": [
                    113.9761591,
                    22.3949422
                ]
            }
        },
        {
            "type": "Feature",
            "properties": {
                "name": "荃灣市中心",
                "nameEn": "Tsuen Wan Town Centre",
                "nameZh": "荃灣市中心",
                "place": "quarter"
            },
            "geometry": {
                "type": "Point",
                "coordinates": [
                    114.1159411,
                    22.3702277
                ]
            }
        },
        {
            "type": "Feature",
            "properties": {
                "name": "荔枝角山",
                "nameEn": "Lai Chi Kok Hill",
                "nameZh": "荔枝角山",
                "place": "neighbourhood"
            },
            "geometry": {
                "type": "Point",
                "coordinates": [
                    114.1430354,
                    22.3381034
                ]
            }
        },
        {
            "type": "Feature",
            "properties": {
                "name": "蝴蝶谷",
                "nameEn": "Butterfly Valley",
                "nameZh": "蝴蝶谷",
                "place": "quarter"
            },
            "geometry": {
                "type": "Point",
                "coordinates": [
                    114.1437542,
                    22.3440227
                ]
            }
        },
        {
            "type": "Feature",
            "properties": {
                "name": "琵琶山",
                "nameEn": "Piper's Hill",
                "nameZh": "琵琶山",
                "place": "neighbourhood"
            },
            "geometry": {
                "type": "Point",
                "coordinates": [
                    114.1492152,
                    22.3448315
                ]
            }
        },
        {
            "type": "Feature",
            "properties": {
                "name": "天水圍南",
                "nameEn": "Tin Shui Wai South",
                "nameZh": "天水圍南",
                "place": "quarter"
            },
            "geometry": {
                "type": "Point",
                "coordinates": [
                    114.0034962,
                    22.4549309
                ]
            }
        },
        {
            "type": "Feature",
            "properties": {
                "name": "天水圍北",
                "nameEn": "Tin Shui Wai North",
                "nameZh": "天水圍北",
                "place": "quarter"
            },
            "geometry": {
                "type": "Point",
                "coordinates": [
                    114.001683,
                    22.4667991
                ]
            }
        },
        {
            "type": "Feature",
            "properties": {
                "name": "天水圍市中心",
                "nameEn": "Tin Shui Wai Town Centre",
                "nameZh": "天水圍市中心",
                "place": "neighbourhood"
            },
            "geometry": {
                "type": "Point",
                "coordinates": [
                    114.0026996,
                    22.4588734
                ]
            }
        },
        {
            "type": "Feature",
            "properties": {
                "name": "大坪舊村",
                "nameEn": "Tai Peng Kau Tsuen",
                "nameZh": "大坪舊村",
                "place": "neighbourhood"
            },
            "geometry": {
                "type": "Point",
                "coordinates": [
                    114.1156792,
                    22.2293133
                ]
            }
        },
        {
            "type": "Feature",
            "properties": {
                "name": "鵝頸",
                "nameEn": "Bowrington",
                "nameZh": "鵝頸",
                "place": "neighbourhood"
            },
            "geometry": {
                "type": "Point",
                "coordinates": [
                    114.1810356,
                    22.2783253
                ]
            }
        },
        {
            "type": "Feature",
            "properties": {
                "name": "利園山",
                "nameEn": "Lee Gardens Hill",
                "nameZh": "利園山",
                "place": "neighbourhood"
            },
            "geometry": {
                "type": "Point",
                "coordinates": [
                    114.184447,
                    22.278647
                ]
            }
        },
        {
            "type": "Feature",
            "properties": {
                "name": "東角",
                "nameEn": "East Point",
                "nameZh": "東角",
                "place": "neighbourhood"
            },
            "geometry": {
                "type": "Point",
                "coordinates": [
                    114.1846701,
                    22.2812482
                ]
            }
        },
        {
            "type": "Feature",
            "properties": {
                "name": "灣仔南",
                "nameEn": "Wan Chai South",
                "nameZh": "灣仔南",
                "place": "quarter"
            },
            "geometry": {
                "type": "Point",
                "coordinates": [
                    114.1726627,
                    22.2748614
                ]
            }
        },
        {
            "type": "Feature",
            "properties": {
                "name": "油塘工業區",
                "nameEn": "Yau Tong Industrial Area",
                "nameZh": "油塘工業區",
                "place": "quarter"
            },
            "geometry": {
                "type": "Point",
                "coordinates": [
                    114.2361677,
                    22.2935673
                ]
            }
        },
        {
            "type": "Feature",
            "properties": {
                "name": "茶果嶺",
                "nameEn": "Cha Kwo Ling",
                "nameZh": "茶果嶺",
                "place": "suburb"
            },
            "geometry": {
                "type": "Point",
                "coordinates": [
                    114.2289627,
                    22.3022493
                ]
            }
        },
        {
            "type": "Feature",
            "properties": {
                "name": "踏石角",
                "nameEn": "Tap Shek Kok",
                "nameZh": "踏石角",
                "place": "suburb"
            },
            "geometry": {
                "type": "Point",
                "coordinates": [
                    113.9194035,
                    22.3753669
                ]
            }
        },
        {
            "type": "Feature",
            "properties": {
                "name": "爛角咀",
                "nameEn": "Black Point",
                "nameZh": "爛角咀",
                "place": "suburb"
            },
            "geometry": {
                "type": "Point",
                "coordinates": [
                    113.9084065,
                    22.4100962
                ]
            }
        },
        {
            "type": "Feature",
            "properties": {
                "name": "觀塘市中心",
                "nameEn": "Kwun Tong Town Centre",
                "nameZh": "觀塘市中心",
                "place": "quarter"
            },
            "geometry": {
                "type": "Point",
                "coordinates": [
                    114.224328,
                    22.314577
                ]
            }
        },
        {
            "type": "Feature",
            "properties": {
                "name": "牛頭角上",
                "nameEn": "Upper Ngau Tau Kok",
                "nameZh": "牛頭角上",
                "place": "quarter"
            },
            "geometry": {
                "type": "Point",
                "coordinates": [
                    114.2167591,
                    22.3193616
                ]
            }
        },
        {
            "type": "Feature",
            "properties": {
                "name": "牛頭角下",
                "nameEn": "Lower Ngau Tau Kok",
                "nameZh": "牛頭角下",
                "place": "quarter"
            },
            "geometry": {
                "type": "Point",
                "coordinates": [
                    114.2156881,
                    22.3213407
                ]
            }
        },
        {
            "type": "Feature",
            "properties": {
                "name": "樂華山",
                "nameEn": "Lok Wah Shan",
                "nameZh": "樂華山",
                "place": "quarter"
            },
            "geometry": {
                "type": "Point",
                "coordinates": [
                    114.21987,
                    22.32087
                ]
            }
        },
        {
            "type": "Feature",
            "properties": {
                "name": "鱷魚山",
                "nameEn": "Crocodile Hill",
                "nameZh": "鱷魚山",
                "place": "neighbourhood"
            },
            "geometry": {
                "type": "Point",
                "coordinates": [
                    114.220798,
                    22.318309
                ]
            }
        },
        {
            "type": "Feature",
            "properties": {
                "name": "九龍灣商貿區",
                "nameEn": "Kowloon Bay Business Area",
                "nameZh": "九龍灣商貿區",
                "place": "quarter"
            },
            "geometry": {
                "type": "Point",
                "coordinates": [
                    114.209098,
                    22.321847
                ]
            }
        },
        {
            "type": "Feature",
            "properties": {
                "name": "禾輋",
                "nameEn": "Wo Che",
                "nameZh": "禾輋",
                "place": "quarter"
            },
            "geometry": {
                "type": "Point",
                "coordinates": [
                    114.193311,
                    22.387197
                ]
            }
        },
        {
            "type": "Feature",
            "properties": {
                "name": "沙田市中心",
                "nameEn": "Sha Tin Town Centre",
                "nameZh": "沙田市中心",
                "place": "quarter"
            },
            "geometry": {
                "type": "Point",
                "coordinates": [
                    114.1893998,
                    22.3824301
                ]
            }
        },
        {
            "type": "Feature",
            "properties": {
                "name": "大埔市中心",
                "nameEn": "Tai Po Town Centre",
                "nameZh": "大埔市中心",
                "place": "neighbourhood"
            },
            "geometry": {
                "type": "Point",
                "coordinates": [
                    114.169997,
                    22.45204
                ]
            }
        },
        {
            "type": "Feature",
            "properties": {
                "name": "火炭工業區",
                "nameEn": "Fo Tan Industrial Area",
                "nameZh": "火炭工業區",
                "place": "quarter"
            },
            "geometry": {
                "type": "Point",
                "coordinates": [
                    114.194051,
                    22.3973105
                ]
            }
        },
        {
            "type": "Feature",
            "properties": {
                "name": "落路下",
                "nameEn": "Lok Lo Ha",
                "nameZh": "落路下",
                "place": "quarter"
            },
            "geometry": {
                "type": "Point",
                "coordinates": [
                    114.2011947,
                    22.4015376
                ]
            }
        },
        {
            "type": "Feature",
            "properties": {
                "name": "火炭半山",
                "nameEn": "Fo Tan Mid-Levels",
                "nameZh": "火炭半山",
                "place": "quarter"
            },
            "geometry": {
                "type": "Point",
                "coordinates": [
                    114.1908646,
                    22.3940767
                ]
            }
        },
        {
            "type": "Feature",
            "properties": {
                "name": "禾寮坑",
                "nameEn": "Wo Liu Hang",
                "nameZh": "禾寮坑",
                "place": "quarter"
            },
            "geometry": {
                "type": "Point",
                "coordinates": [
                    114.1972375,
                    22.3986422
                ]
            }
        },
        {
            "type": "Feature",
            "properties": {
                "name": "桂地",
                "nameEn": "Kwei Tei",
                "nameZh": "桂地",
                "place": "quarter"
            },
            "geometry": {
                "type": "Point",
                "coordinates": [
                    114.1886195,
                    22.400504
                ]
            }
        },
        {
            "type": "Feature",
            "properties": {
                "name": "斧山",
                "nameEn": "Hammer Hill",
                "nameZh": "斧山",
                "place": "suburb"
            },
            "geometry": {
                "type": "Point",
                "coordinates": [
                    114.210595,
                    22.340877
                ]
            }
        },
        {
            "type": "Feature",
            "properties": {
                "name": "大埔中",
                "nameEn": "Tai Po Central",
                "nameZh": "大埔中",
                "place": "quarter"
            },
            "geometry": {
                "type": "Point",
                "coordinates": [
                    114.169021,
                    22.454038
                ]
            }
        },
        {
            "type": "Feature",
            "properties": {
                "name": "汀角",
                "nameEn": "Ting Kok",
                "nameZh": "汀角",
                "place": "quarter"
            },
            "geometry": {
                "type": "Point",
                "coordinates": [
                    114.2201084,
                    22.4705209
                ]
            }
        },
        {
            "type": "Feature",
            "properties": {
                "name": "龍尾",
                "nameEn": "Lung Mei",
                "nameZh": "龍尾",
                "place": "quarter"
            },
            "geometry": {
                "type": "Point",
                "coordinates": [
                    114.2291905,
                    22.47259
                ]
            }
        },
        {
            "type": "Feature",
            "properties": {
                "name": "大美督",
                "nameEn": "Tai Mei Tuk",
                "nameZh": "大美督",
                "place": "quarter"
            },
            "geometry": {
                "type": "Point",
                "coordinates": [
                    114.2331608,
                    22.472956
                ]
            }
        },
        {
            "type": "Feature",
            "properties": {
                "name": "船灣",
                "nameEn": "Plover Cove",
                "nameZh": "船灣",
                "place": "suburb"
            },
            "geometry": {
                "type": "Point",
                "coordinates": [
                    114.2353032,
                    22.4766083
                ]
            }
        },
        {
            "type": "Feature",
            "properties": {
                "name": "摩星嶺",
                "nameEn": "Mount Davis",
                "nameZh": "摩星嶺",
                "place": "suburb"
            },
            "geometry": {
                "type": "Point",
                "coordinates": [
                    114.1214812,
                    22.2737382
                ]
            }
        },
        {
            "type": "Feature",
            "properties": {
                "name": "太平山",
                "nameEn": "Tai Ping Shan",
                "nameZh": "太平山",
                "place": "neighbourhood"
            },
            "geometry": {
                "type": "Point",
                "coordinates": [
                    114.1488652,
                    22.2843437
                ]
            }
        },
        {
            "type": "Feature",
            "properties": {
                "name": "柴灣東工業區",
                "nameEn": "Chai Wan East Industrial Area",
                "nameZh": "柴灣東工業區",
                "place": "quarter"
            },
            "geometry": {
                "type": "Point",
                "coordinates": [
                    114.2448065,
                    22.2671581
                ]
            }
        },
        {
            "type": "Feature",
            "properties": {
                "name": "柴灣工業區",
                "nameEn": "Chai Wan Industrial Area",
                "nameZh": "柴灣工業區",
                "place": "quarter"
            },
            "geometry": {
                "type": "Point",
                "coordinates": [
                    114.2358965,
                    22.2659812
                ]
            }
        },
        {
            "type": "Feature",
            "properties": {
                "name": "柴灣半山",
                "nameEn": "Chai Wan Mid-Levels",
                "nameZh": "柴灣半山",
                "place": "quarter"
            },
            "geometry": {
                "type": "Point",
                "coordinates": [
                    114.2325836,
                    22.2645046
                ]
            }
        },
        {
            "type": "Feature",
            "properties": {
                "name": "老圍",
                "nameEn": "Lo Wai",
                "nameZh": "老圍",
                "place": "suburb"
            },
            "geometry": {
                "type": "Point",
                "coordinates": [
                    114.1251317,
                    22.3806249
                ]
            }
        },
        {
            "type": "Feature",
            "properties": {
                "name": "柴灣角工業區",
                "nameEn": "Chai Wan Kok Industrial Area",
                "nameZh": "柴灣角工業區",
                "place": "neighbourhood"
            },
            "geometry": {
                "type": "Point",
                "coordinates": [
                    114.1080849,
                    22.3732078
                ]
            }
        },
        {
            "type": "Feature",
            "properties": {
                "name": "芙蓉山",
                "nameEn": "Fu Yung Shan",
                "nameZh": "芙蓉山",
                "place": "suburb"
            },
            "geometry": {
                "type": "Point",
                "coordinates": [
                    114.1200033,
                    22.3783109
                ]
            }
        },
        {
            "type": "Feature",
            "properties": {
                "name": "和宜合",
                "nameEn": "Wo Yi Hop",
                "nameZh": "和宜合",
                "place": "suburb"
            },
            "geometry": {
                "type": "Point",
                "coordinates": [
                    114.1396505,
                    22.3831993
                ]
            }
        },
        {
            "type": "Feature",
            "properties": {
                "name": "荃灣東工業區",
                "nameEn": "Tsuen Wan East Industrial Area",
                "nameZh": "荃灣東工業區",
                "place": "neighbourhood"
            },
            "geometry": {
                "type": "Point",
                "coordinates": [
                    114.1191262,
                    22.36645
                ]
            }
        },
        {
            "type": "Feature",
            "properties": {
                "name": "長沙灣工業區",
                "nameEn": "Cheung Sha Wan Industrial Area",
                "nameZh": "長沙灣工業區",
                "place": "quarter"
            },
            "geometry": {
                "type": "Point",
                "coordinates": [
                    114.1494221,
                    22.3379368
                ]
            }
        },
        {
            "type": "Feature",
            "properties": {
                "name": "灣仔峽",
                "nameEn": "Wan Chai Gap",
                "nameZh": "灣仔峽",
                "place": "quarter"
            },
            "geometry": {
                "type": "Point",
                "coordinates": [
                    114.1701272,
                    22.2664998
                ]
            }
        },
        {
            "type": "Feature",
            "properties": {
                "name": "馬己仙峽",
                "nameEn": "Magazine Gap",
                "nameZh": "馬己仙峽",
                "place": "quarter"
            },
            "geometry": {
                "type": "Point",
                "coordinates": [
                    114.1657698,
                    22.2692232
                ]
            }
        },
        {
            "type": "Feature",
            "properties": {
                "name": "太平山",
                "nameEn": "Victoria Peak",
                "nameZh": "太平山",
                "place": "quarter"
            },
            "geometry": {
                "type": "Point",
                "coordinates": [
                    114.1440302,
                    22.275311
                ]
            }
        },
        {
            "type": "Feature",
            "properties": {
                "name": "歌賦山",
                "nameEn": "Mount Gough",
                "nameZh": "歌賦山",
                "place": "quarter"
            },
            "geometry": {
                "type": "Point",
                "coordinates": [
                    114.1586673,
                    22.2689378
                ]
            }
        },
        {
            "type": "Feature",
            "properties": {
                "name": "奇力山",
                "nameEn": "Mount Kellett",
                "nameZh": "奇力山",
                "place": "quarter"
            },
            "geometry": {
                "type": "Point",
                "coordinates": [
                    114.1494191,
                    22.2640354
                ]
            }
        },
        {
            "type": "Feature",
            "properties": {
                "name": "爐峰峽",
                "nameEn": "Victoria Gap",
                "nameZh": "爐峰峽",
                "place": "quarter"
            },
            "geometry": {
                "type": "Point",
                "coordinates": [
                    114.1498321,
                    22.2709533
                ]
            }
        },
        {
            "type": "Feature",
            "properties": {
                "name": "跑馬地",
                "nameEn": "Happy Valley",
                "nameZh": "跑馬地",
                "place": "quarter"
            },
            "geometry": {
                "type": "Point",
                "coordinates": [
                    114.186219,
                    22.2676818
                ]
            }
        },
        {
            "type": "Feature",
            "properties": {
                "name": "跑馬地半山",
                "nameEn": "Happy Valley Mid-Levels",
                "nameZh": "跑馬地半山",
                "place": "quarter"
            },
            "geometry": {
                "type": "Point",
                "coordinates": [
                    114.1808814,
                    22.2651698
                ]
            }
        },
        {
            "type": "Feature",
            "properties": {
                "name": "大坑半山",
                "nameEn": "Tai Hang Mid-Levels",
                "nameZh": "大坑半山",
                "place": "quarter"
            },
            "geometry": {
                "type": "Point",
                "coordinates": [
                    114.1946384,
                    22.2766099
                ]
            }
        },
        {
            "type": "Feature",
            "properties": {
                "name": "大坑",
                "nameEn": "Tai Hang",
                "nameZh": "大坑",
                "place": "quarter"
            },
            "geometry": {
                "type": "Point",
                "coordinates": [
                    114.1918885,
                    22.2791769
                ]
            }
        },
        {
            "type": "Feature",
            "properties": {
                "name": "畢拉山",
                "nameEn": "Mount Butler",
                "nameZh": "畢拉山",
                "place": "suburb"
            },
            "geometry": {
                "type": "Point",
                "coordinates": [
                    114.2031194,
                    22.2697843
                ]
            }
        },
        {
            "type": "Feature",
            "properties": {
                "name": "黃泥涌峽",
                "nameEn": "Wong Nai Chung Gap",
                "nameZh": "黃泥涌峽",
                "place": "suburb"
            },
            "geometry": {
                "type": "Point",
                "coordinates": [
                    114.1928608,
                    22.2581043
                ]
            }
        },
        {
            "type": "Feature",
            "properties": {
                "name": "壽臣山",
                "nameEn": "Shouson Hill",
                "nameZh": "壽臣山",
                "place": "suburb"
            },
            "geometry": {
                "type": "Point",
                "coordinates": [
                    114.1799051,
                    22.2480067
                ]
            }
        },
        {
            "type": "Feature",
            "properties": {
                "name": "南朗山",
                "nameEn": "Brick Hill",
                "nameZh": "南朗山",
                "place": "neighbourhood"
            },
            "geometry": {
                "type": "Point",
                "coordinates": [
                    114.1667984,
                    22.2437064
                ]
            }
        },
        {
            "type": "Feature",
            "properties": {
                "name": "大樹灣",
                "nameEn": "Tai Shue Wan",
                "nameZh": "大樹灣",
                "place": "suburb"
            },
            "geometry": {
                "type": "Point",
                "coordinates": [
                    114.1674588,
                    22.2360232
                ]
            }
        },
        {
            "type": "Feature",
            "properties": {
                "name": "大浪灣",
                "nameEn": "Tai Long Wan",
                "nameZh": "大浪灣",
                "place": "suburb"
            },
            "geometry": {
                "type": "Point",
                "coordinates": [
                    114.2459142,
                    22.246393
                ]
            }
        },
        {
            "type": "Feature",
            "properties": {
                "name": "上水工業區",
                "nameEn": "Sheung Shui Industrial Area",
                "nameZh": "上水工業區",
                "place": "quarter"
            },
            "geometry": {
                "type": "Point",
                "coordinates": [
                    114.1226506,
                    22.5060439
                ]
            }
        },
        {
            "type": "Feature",
            "properties": {
                "name": "上水南",
                "nameEn": "Sheung Shui South",
                "nameZh": "上水南",
                "place": "quarter"
            },
            "geometry": {
                "type": "Point",
                "coordinates": [
                    114.1283315,
                    22.4958629
                ]
            }
        },
        {
            "type": "Feature",
            "properties": {
                "name": "上水市中心",
                "nameEn": "Sheung Shui Town Centre",
                "nameZh": "上水市中心",
                "place": "quarter"
            },
            "geometry": {
                "type": "Point",
                "coordinates": [
                    114.1284227,
                    22.502229
                ]
            }
        },
        {
            "type": "Feature",
            "properties": {
                "name": "粉嶺市中心",
                "nameEn": "Fanling Town Centre",
                "nameZh": "粉嶺市中心",
                "place": "quarter"
            },
            "geometry": {
                "type": "Point",
                "coordinates": [
                    114.1393474,
                    22.493049
                ]
            }
        },
        {
            "type": "Feature",
            "properties": {
                "name": "粉嶺北",
                "nameEn": "Fanling North",
                "nameZh": "粉嶺北",
                "place": "quarter"
            },
            "geometry": {
                "type": "Point",
                "coordinates": [
                    114.141963,
                    22.50439
                ]
            }
        },
        {
            "type": "Feature",
            "properties": {
                "name": "白筆山",
                "nameEn": "Pak Pat Shan",
                "nameZh": "白筆山",
                "place": "quarter"
            },
            "geometry": {
                "type": "Point",
                "coordinates": [
                    114.2261249,
                    22.2348338
                ]
            }
        },
        {
            "type": "Feature",
            "properties": {
                "name": "大潭篤",
                "nameEn": "Tai Tam Tuk",
                "nameZh": "大潭篤",
                "place": "quarter"
            },
            "geometry": {
                "type": "Point",
                "coordinates": [
                    114.2229062,
                    22.2447247
                ]
            }
        },
        {
            "type": "Feature",
            "properties": {
                "name": "大埔墟四里",
                "nameEn": "Tai Po Market Four Lanes",
                "nameZh": "大埔墟四里",
                "place": "neighbourhood"
            },
            "geometry": {
                "type": "Point",
                "coordinates": [
                    114.1672692,
                    22.4474297
                ]
            }
        },
        {
            "type": "Feature",
            "properties": {
                "name": "大埔頭水圍村",
                "nameEn": "Tai Po Tau Shui Wai Village",
                "nameZh": "大埔頭水圍村",
                "place": "village"
            },
            "geometry": {
                "type": "Point",
                "coordinates": [
                    114.1571036,
                    22.4525412
                ]
            }
        },
        {
            "type": "Feature",
            "properties": {
                "name": "大埔頭",
                "nameEn": "Tai Po Tau",
                "nameZh": "大埔頭",
                "place": "quarter"
            },
            "geometry": {
                "type": "Point",
                "coordinates": [
                    114.1577178,
                    22.4541575
                ]
            }
        },
        {
            "type": "Feature",
            "properties": {
                "name": "南涌",
                "nameEn": "Nam Chung",
                "nameZh": "南涌",
                "place": "suburb"
            },
            "geometry": {
                "type": "Point",
                "coordinates": [
                    114.2092967,
                    22.5231269
                ]
            }
        },
        {
            "type": "Feature",
            "properties": {
                "name": "鹿頸",
                "nameEn": "Luk Keng",
                "nameZh": "鹿頸",
                "place": "suburb"
            },
            "geometry": {
                "type": "Point",
                "coordinates": [
                    114.219296,
                    22.5206641
                ]
            }
        },
        {
            "type": "Feature",
            "properties": {
                "name": "楊屋新村",
                "nameEn": "Yeung Uk New Village",
                "nameZh": "楊屋新村",
                "place": "village"
            },
            "geometry": {
                "type": "Point",
                "coordinates": [
                    114.0253602,
                    22.4506461
                ]
            }
        },
        {
            "type": "Feature",
            "properties": {
                "name": "赤柱村",
                "nameEn": "Stanley Village",
                "nameZh": "赤柱村",
                "place": "quarter"
            },
            "geometry": {
                "type": "Point",
                "coordinates": [
                    114.212537,
                    22.218298
                ]
            }
        },
        {
            "type": "Feature",
            "properties": {
                "name": "黃麻角",
                "nameEn": "Bluff Head",
                "nameZh": "黃麻角",
                "place": "quarter"
            },
            "geometry": {
                "type": "Point",
                "coordinates": [
                    114.215841,
                    22.201074
                ]
            }
        },
        {
            "type": "Feature",
            "properties": {
                "name": "東頭灣",
                "nameEn": "Tung Tau Wan",
                "nameZh": "東頭灣",
                "place": "quarter"
            },
            "geometry": {
                "type": "Point",
                "coordinates": [
                    114.219253,
                    22.213629
                ]
            }
        },
        {
            "type": "Feature",
            "properties": {
                "name": "布廠灣工業區",
                "nameEn": "Po Chong Wan Industrial Area",
                "nameZh": "布廠灣工業區",
                "place": "quarter"
            },
            "geometry": {
                "type": "Point",
                "coordinates": [
                    114.1659817,
                    22.2400872
                ]
            }
        },
        {
            "type": "Feature",
            "properties": {
                "name": "靈山村",
                "nameEn": "Ling Shan Village",
                "nameZh": "靈山村",
                "place": "village"
            },
            "geometry": {
                "type": "Point",
                "coordinates": [
                    114.1369216,
                    22.5017256
                ]
            }
        },
        {
            "type": "Feature",
            "properties": {
                "name": "東涌北",
                "nameEn": "Tung Chung North",
                "nameZh": "東涌北",
                "place": "quarter"
            },
            "geometry": {
                "type": "Point",
                "coordinates": [
                    113.9495623,
                    22.2941766
                ]
            }
        },
        {
            "type": "Feature",
            "properties": {
                "name": "東涌西",
                "nameEn": "Tung Chung West",
                "nameZh": "東涌西",
                "place": "quarter"
            },
            "geometry": {
                "type": "Point",
                "coordinates": [
                    113.9376372,
                    22.2810949
                ]
            }
        },
        {
            "type": "Feature",
            "properties": {
                "name": "東涌市中心",
                "nameEn": "Tung Chung Town Centre",
                "nameZh": "東涌市中心",
                "place": "quarter"
            },
            "geometry": {
                "type": "Point",
                "coordinates": [
                    113.9418268,
                    22.2897119
                ]
            }
        },
        {
            "type": "Feature",
            "properties": {
                "name": "青衣工業區",
                "nameEn": "Tsing Yi Industrial Area",
                "nameZh": "青衣工業區",
                "place": "neighbourhood"
            },
            "geometry": {
                "type": "Point",
                "coordinates": [
                    114.1100644,
                    22.3503946
                ]
            }
        },
        {
            "type": "Feature",
            "properties": {
                "name": "青衣南",
                "nameEn": "Tsing Yi South",
                "nameZh": "青衣南",
                "place": "quarter"
            },
            "geometry": {
                "type": "Point",
                "coordinates": [
                    114.1084966,
                    22.3438044
                ]
            }
        },
        {
            "type": "Feature",
            "properties": {
                "name": "青衣市中心",
                "nameEn": "Tsing Yi Town Centre",
                "nameZh": "青衣市中心",
                "place": "quarter"
            },
            "geometry": {
                "type": "Point",
                "coordinates": [
                    114.106788,
                    22.3548189
                ]
            }
        },
        {
            "type": "Feature",
            "properties": {
                "name": "青衣北",
                "nameEn": "Tsing Yi North",
                "nameZh": "青衣北",
                "place": "quarter"
            },
            "geometry": {
                "type": "Point",
                "coordinates": [
                    114.1048193,
                    22.3613899
                ]
            }
        },
        {
            "type": "Feature",
            "properties": {
                "name": "銀礦灣",
                "nameEn": "Silvermine Bay",
                "nameZh": "銀礦灣",
                "place": "quarter"
            },
            "geometry": {
                "type": "Point",
                "coordinates": [
                    113.9971997,
                    22.2674001
                ]
            }
        },
        {
            "type": "Feature",
            "properties": {
                "name": "梅窩市中心",
                "nameEn": "Mui Wo Town Centre",
                "nameZh": "梅窩市中心",
                "place": "quarter"
            },
            "geometry": {
                "type": "Point",
                "coordinates": [
                    114.0013497,
                    22.264265
                ]
            }
        },
        {
            "type": "Feature",
            "properties": {
                "name": "魚角",
                "nameEn": "Yue Kok",
                "nameZh": "魚角",
                "place": "quarter"
            },
            "geometry": {
                "type": "Point",
                "coordinates": [
                    114.176804,
                    22.4562537
                ]
            }
        },
        {
            "type": "Feature",
            "properties": {
                "name": "和生圍",
                "nameEn": "Wo Shang Wai",
                "nameZh": "和生圍",
                "place": "quarter"
            },
            "geometry": {
                "type": "Point",
                "coordinates": [
                    114.0528123,
                    22.4878328
                ]
            }
        },
        {
            "type": "Feature",
            "properties": {
                "name": "牛頭角工業區",
                "nameEn": "Ngau Tau Kok Industrial Area",
                "nameZh": "牛頭角工業區",
                "place": "quarter"
            },
            "geometry": {
                "type": "Point",
                "coordinates": [
                    114.2160666,
                    22.3154258
                ]
            }
        },
        {
            "type": "Feature",
            "properties": {
                "name": "飛鵝山",
                "nameEn": "Fei Ngo Shan",
                "nameZh": "飛鵝山",
                "place": "suburb"
            },
            "geometry": {
                "type": "Point",
                "coordinates": [
                    114.2289274,
                    22.3364243
                ]
            }
        },
        {
            "type": "Feature",
            "properties": {
                "name": "坪石",
                "nameEn": "Ping Shek",
                "nameZh": "坪石",
                "place": "suburb"
            },
            "geometry": {
                "type": "Point",
                "coordinates": [
                    114.2104267,
                    22.3323093
                ]
            }
        },
        {
            "type": "Feature",
            "properties": {
                "name": "石仔嶺",
                "nameEn": "Shek Tsai Leng",
                "nameZh": "石仔嶺",
                "place": "quarter"
            },
            "geometry": {
                "type": "Point",
                "coordinates": [
                    114.1027701,
                    22.5052918
                ]
            }
        },
        {
            "type": "Feature",
            "properties": {
                "name": "田心",
                "nameEn": "Tin Sum",
                "nameZh": "田心",
                "place": "quarter"
            },
            "geometry": {
                "type": "Point",
                "coordinates": [
                    113.9912693,
                    22.433331
                ]
            }
        },
        {
            "type": "Feature",
            "properties": {
                "name": "啟德北",
                "nameEn": "Kai Tak North",
                "nameZh": "啟德北",
                "place": "neighbourhood"
            },
            "geometry": {
                "type": "Point",
                "coordinates": [
                    114.2011026,
                    22.3326576
                ]
            }
        },
        {
            "type": "Feature",
            "properties": {
                "name": "銀線灣",
                "nameEn": "Silverstrand",
                "nameZh": "銀線灣",
                "place": "suburb"
            },
            "geometry": {
                "type": "Point",
                "coordinates": [
                    114.2716875,
                    22.3235148
                ]
            }
        },
        {
            "type": "Feature",
            "properties": {
                "name": "政府山",
                "nameEn": "Government Hill",
                "nameZh": "政府山",
                "place": "neighbourhood"
            },
            "geometry": {
                "type": "Point",
                "coordinates": [
                    114.1585775,
                    22.2789505
                ]
            }
        },
        {
            "type": "Feature",
            "properties": {
                "name": "對面海",
                "nameEn": "Tui Min Hoi",
                "nameZh": "對面海",
                "place": "suburb"
            },
            "geometry": {
                "type": "Point",
                "coordinates": [
                    114.2715347,
                    22.3761234
                ]
            }
        },
        {
            "type": "Feature",
            "properties": {
                "name": "沙下",
                "nameEn": "Sha Ha",
                "nameZh": "沙下",
                "place": "suburb"
            },
            "geometry": {
                "type": "Point",
                "coordinates": [
                    114.2756465,
                    22.3883827
                ]
            }
        },
        {
            "type": "Feature",
            "properties": {
                "name": "西貢市中心",
                "nameEn": "Sai Kung Town Centre",
                "nameZh": "西貢市中心",
                "place": "suburb"
            },
            "geometry": {
                "type": "Point",
                "coordinates": [
                    114.2724587,
                    22.3814657
                ]
            }
        },
        {
            "type": "Feature",
            "properties": {
                "name": "靠背石",
                "nameEn": "Kau Pui Shek",
                "nameZh": "靠背石",
                "place": "neighbourhood"
            },
            "geometry": {
                "type": "Point",
                "coordinates": [
                    114.191286,
                    22.3270969
                ]
            }
        },
        {
            "type": "Feature",
            "properties": {
                "name": "橫龍仔",
                "nameEn": "Wang Lung Tsai",
                "nameZh": "橫龍仔",
                "place": "quarter"
            },
            "geometry": {
                "type": "Point",
                "coordinates": [
                    114.1293076,
                    22.3682879
                ]
            }
        },
        {
            "type": "Feature",
            "properties": {
                "name": "擔杆山",
                "nameEn": "Tam Kon Shan",
                "nameZh": "擔杆山",
                "place": "neighbourhood"
            },
            "geometry": {
                "type": "Point",
                "coordinates": [
                    114.1002072,
                    22.3613961
                ]
            }
        },
        {
            "type": "Feature",
            "properties": {
                "name": "尖鼻咀",
                "nameEn": "Tsim Bei Tsui",
                "nameZh": "尖鼻咀",
                "place": "suburb"
            },
            "geometry": {
                "type": "Point",
                "coordinates": [
                    114.0109715,
                    22.4861657
                ]
            }
        },
        {
            "type": "Feature",
            "properties": {
                "name": "寮肚",
                "nameEn": "Liu To",
                "nameZh": "寮肚",
                "place": "quarter"
            },
            "geometry": {
                "type": "Point",
                "coordinates": [
                    114.0974137,
                    22.3532337
                ]
            }
        },
        {
            "type": "Feature",
            "properties": {
                "name": "楓樹窩",
                "nameEn": "Fung Shue Wo",
                "nameZh": "楓樹窩",
                "place": "quarter"
            },
            "geometry": {
                "type": "Point",
                "coordinates": [
                    114.10056,
                    22.3562923
                ]
            }
        },
        {
            "type": "Feature",
            "properties": {
                "name": "楓樹窩新村",
                "nameEn": "Fung Shue Wo Resite Village",
                "nameZh": "楓樹窩新村",
                "place": "neighbourhood"
            },
            "geometry": {
                "type": "Point",
                "coordinates": [
                    114.1010964,
                    22.3555184
                ]
            }
        },
        {
            "type": "Feature",
            "properties": {
                "name": "大浪",
                "nameEn": "Tai Long",
                "nameZh": "大浪",
                "place": "suburb"
            },
            "geometry": {
                "type": "Point",
                "coordinates": [
                    114.3731368,
                    22.4163993
                ]
            }
        },
        {
            "type": "Feature",
            "properties": {
                "name": "川龍",
                "nameEn": "Chuen Lung",
                "nameZh": "川龍",
                "place": "suburb"
            },
            "geometry": {
                "type": "Point",
                "coordinates": [
                    114.1095212,
                    22.3955622
                ]
            }
        },
        {
            "type": "Feature",
            "properties": {
                "name": "橫嶺",
                "nameEn": "Wang Leng",
                "nameZh": "橫嶺",
                "place": "quarter"
            },
            "geometry": {
                "type": "Point",
                "coordinates": [
                    114.2595505,
                    22.4904333
                ]
            }
        },
        {
            "type": "Feature",
            "properties": {
                "name": "塘尾",
                "nameEn": "Tong Mi",
                "nameZh": "塘尾",
                "place": "neighbourhood"
            },
            "geometry": {
                "type": "Point",
                "coordinates": [
                    114.1644015,
                    22.3264084
                ]
            }
        },
        {
            "type": "Feature",
            "properties": {
                "name": "採石山",
                "nameEn": "Quarry Hill",
                "nameZh": "採石山",
                "place": "neighbourhood"
            },
            "geometry": {
                "type": "Point",
                "coordinates": [
                    114.1812328,
                    22.319308
                ]
            }
        },
        {
            "type": "Feature",
            "properties": {
                "name": "安樂區",
                "nameZh": "安樂區",
                "place": "neighbourhood"
            },
            "geometry": {
                "type": "Point",
                "coordinates": [
                    113.9794874,
                    22.4620244
                ]
            }
        },
        {
            "type": "Feature",
            "properties": {
                "name": "和平區",
                "nameZh": "和平區",
                "place": "neighbourhood"
            },
            "geometry": {
                "type": "Point",
                "coordinates": [
                    113.979833,
                    22.4614288
                ]
            }
        },
        {
            "type": "Feature",
            "properties": {
                "name": "狗肚山",
                "nameEn": "Kau To Highlands",
                "nameZh": "狗肚山",
                "place": "neighbourhood"
            },
            "geometry": {
                "type": "Point",
                "coordinates": [
                    114.200684,
                    22.4142236
                ]
            }
        },
        {
            "type": "Feature",
            "properties": {
                "name": "青衣潭山",
                "nameEn": "Tsing Yi Tam Shan",
                "nameZh": "青衣潭山",
                "place": "neighbourhood"
            },
            "geometry": {
                "type": "Point",
                "coordinates": [
                    114.1002083,
                    22.3485294
                ]
            }
        },
        {
            "type": "Feature",
            "properties": {
                "name": "圍中",
                "nameZh": "圍中",
                "place": "neighbourhood"
            },
            "geometry": {
                "type": "Point",
                "coordinates": [
                    113.9906417,
                    22.4640894
                ]
            }
        },
        {
            "type": "Feature",
            "properties": {
                "name": "沙江",
                "nameEn": "Sha Kong",
                "nameZh": "沙江",
                "place": "suburb"
            },
            "geometry": {
                "type": "Point",
                "coordinates": [
                    113.9898422,
                    22.4643975
                ]
            }
        },
        {
            "type": "Feature",
            "properties": {
                "name": "圍尾",
                "nameZh": "圍尾",
                "place": "neighbourhood"
            },
            "geometry": {
                "type": "Point",
                "coordinates": [
                    113.9916196,
                    22.4654761
                ]
            }
        },
        {
            "type": "Feature",
            "properties": {
                "name": "石排頭",
                "nameEn": "Shek Pai Tau",
                "nameZh": "石排頭",
                "place": "quarter"
            },
            "geometry": {
                "type": "Point",
                "coordinates": [
                    113.9713547,
                    22.4004241
                ]
            }
        },
        {
            "type": "Feature",
            "properties": {
                "name": "深水角",
                "nameEn": "Sham Shui Kok",
                "nameZh": "深水角",
                "place": "neighbourhood"
            },
            "geometry": {
                "type": "Point",
                "coordinates": [
                    114.1708864,
                    22.2326044
                ]
            }
        },
        {
            "type": "Feature",
            "properties": {
                "name": "石排灣",
                "nameEn": "Shek Pai Wan",
                "nameZh": "石排灣",
                "place": "quarter"
            },
            "geometry": {
                "type": "Point",
                "coordinates": [
                    114.1542281,
                    22.2482429
                ]
            }
        },
        {
            "type": "Feature",
            "properties": {
                "name": "黃宜坳",
                "nameEn": "Wong Yi Au",
                "nameZh": "黃宜坳",
                "place": "quarter"
            },
            "geometry": {
                "type": "Point",
                "coordinates": [
                    114.1770363,
                    22.4412807
                ]
            }
        },
        {
            "type": "Feature",
            "properties": {
                "name": "社山",
                "nameEn": "She Shan",
                "nameZh": "社山",
                "place": "quarter"
            },
            "geometry": {
                "type": "Point",
                "coordinates": [
                    114.1453957,
                    22.4488427
                ]
            }
        },
        {
            "type": "Feature",
            "properties": {
                "name": "田寮下",
                "nameEn": "Tin Liu Ha",
                "nameZh": "田寮下",
                "place": "quarter"
            },
            "geometry": {
                "type": "Point",
                "coordinates": [
                    114.1412061,
                    22.4456002
                ]
            }
        },
        {
            "type": "Feature",
            "properties": {
                "name": "大陽輋",
                "nameEn": "Tai Yeung Che",
                "nameZh": "大陽輋",
                "place": "quarter"
            },
            "geometry": {
                "type": "Point",
                "coordinates": [
                    114.1288143,
                    22.4464976
                ]
            }
        },
        {
            "type": "Feature",
            "properties": {
                "name": "林村",
                "nameEn": "Lam Tsuen",
                "nameZh": "林村",
                "place": "quarter"
            },
            "geometry": {
                "type": "Point",
                "coordinates": [
                    114.1419598,
                    22.4557786
                ]
            }
        },
        {
            "type": "Feature",
            "properties": {
                "name": "白牛石",
                "nameEn": "Pak Ngau Shek",
                "nameZh": "白牛石",
                "place": "quarter"
            },
            "geometry": {
                "type": "Point",
                "coordinates": [
                    114.1236718,
                    22.4416691
                ]
            }
        },
        {
            "type": "Feature",
            "properties": {
                "name": "梅子林",
                "nameEn": "Mui Tsz Lam",
                "nameZh": "梅子林",
                "place": "suburb"
            },
            "geometry": {
                "type": "Point",
                "coordinates": [
                    114.2352873,
                    22.3925193
                ]
            }
        },
        {
            "type": "Feature",
            "properties": {
                "name": "元洲仔",
                "nameEn": "Yuen Chau Tsai",
                "nameZh": "元洲仔",
                "place": "quarter"
            },
            "geometry": {
                "type": "Point",
                "coordinates": [
                    114.1778773,
                    22.4464009
                ]
            }
        },
        {
            "type": "Feature",
            "properties": {
                "name": "石湖圍",
                "nameEn": "Shek Wu Wai",
                "nameZh": "石湖圍",
                "place": "quarter"
            },
            "geometry": {
                "type": "Point",
                "coordinates": [
                    114.0731478,
                    22.4910479
                ]
            }
        },
        {
            "type": "Feature",
            "properties": {
                "name": "大生圍",
                "nameEn": "Tai Sang Wai",
                "nameZh": "大生圍",
                "place": "quarter"
            },
            "geometry": {
                "type": "Point",
                "coordinates": [
                    114.0455612,
                    22.4792189
                ]
            }
        },
        {
            "type": "Feature",
            "properties": {
                "name": "坪洲",
                "nameEn": "Peng Chau",
                "nameZh": "坪洲",
                "place": "suburb"
            },
            "geometry": {
                "type": "Point",
                "coordinates": [
                    114.0384103,
                    22.284838
                ]
            }
        },
        {
            "type": "Feature",
            "properties": {
                "name": "芝麻灣半島",
                "nameEn": "Chi Ma Wan Peninsula",
                "nameZh": "芝麻灣半島",
                "place": "suburb"
            },
            "geometry": {
                "type": "Point",
                "coordinates": [
                    113.99718,
                    22.227797
                ]
            }
        },
        {
            "type": "Feature",
            "properties": {
                "name": "赤鱲角",
                "nameEn": "Chek Lap Kok",
                "nameZh": "赤鱲角",
                "place": "suburb"
            },
            "geometry": {
                "type": "Point",
                "coordinates": [
                    113.9351269,
                    22.3154395
                ]
            }
        },
        {
            "type": "Feature",
            "properties": {
                "name": "喜靈洲",
                "nameEn": "Hei Ling Chau",
                "nameZh": "喜靈洲",
                "place": "suburb"
            },
            "geometry": {
                "type": "Point",
                "coordinates": [
                    114.0389871,
                    22.2514077
                ]
            }
        },
        {
            "type": "Feature",
            "properties": {
                "name": "南丫島",
                "nameEn": "Lamma Island",
                "nameZh": "南丫島",
                "place": "suburb"
            },
            "geometry": {
                "type": "Point",
                "coordinates": [
                    114.1155803,
                    22.2231097
                ]
            }
        },
        {
            "type": "Feature",
            "properties": {
                "name": "長洲",
                "nameEn": "Cheung Chau",
                "nameZh": "長洲",
                "place": "suburb"
            },
            "geometry": {
                "type": "Point",
                "coordinates": [
                    114.0295672,
                    22.208822
                ]
            }
        },
        {
            "type": "Feature",
            "properties": {
                "name": "昂坪",
                "nameEn": "Ngong Ping",
                "nameZh": "昂坪",
                "place": "town"
            },
            "geometry": {
                "type": "Point",
                "coordinates": [
                    113.9041602,
                    22.2558027
                ]
            }
        },
        {
            "type": "Feature",
            "properties": {
                "name": "篤尾涌",
                "nameEn": "Tuk Mei Chung",
                "nameZh": "篤尾涌",
                "place": "quarter"
            },
            "geometry": {
                "type": "Point",
                "coordinates": [
                    113.9227742,
                    22.3870635
                ]
            }
        },
        {
            "type": "Feature",
            "properties": {
                "name": "龍仔",
                "nameEn": "Lung Tsai",
                "nameZh": "龍仔",
                "place": "quarter"
            },
            "geometry": {
                "type": "Point",
                "coordinates": [
                    113.9232137,
                    22.3845668
                ]
            }
        },
        {
            "type": "Feature",
            "properties": {
                "name": "高莆",
                "nameEn": "Ko Po",
                "nameZh": "高莆",
                "place": "quarter"
            },
            "geometry": {
                "type": "Point",
                "coordinates": [
                    114.1652763,
                    22.5117343
                ]
            }
        },
        {
            "type": "Feature",
            "properties": {
                "name": "馬尾下",
                "nameEn": "Ma Mei Ha",
                "nameZh": "馬尾下",
                "place": "suburb"
            },
            "geometry": {
                "type": "Point",
                "coordinates": [
                    114.1752917,
                    22.5174431
                ]
            }
        },
        {
            "type": "Feature",
            "properties": {
                "name": "麻雀嶺",
                "nameEn": "Ma Tseuk Leng",
                "nameZh": "麻雀嶺",
                "place": "suburb"
            },
            "geometry": {
                "type": "Point",
                "coordinates": [
                    114.2019582,
                    22.5332501
                ]
            }
        },
        {
            "type": "Feature",
            "properties": {
                "name": "沙頭角",
                "nameEn": "Sha Tau Kok",
                "nameZh": "沙頭角",
                "place": "town"
            },
            "geometry": {
                "type": "Point",
                "coordinates": [
                    114.2215839,
                    22.5455302
                ]
            }
        },
        {
            "type": "Feature",
            "properties": {
                "name": "担水坑",
                "nameEn": "Tam Shui Hang",
                "nameZh": "担水坑",
                "place": "suburb"
            },
            "geometry": {
                "type": "Point",
                "coordinates": [
                    114.2188239,
                    22.5481239
                ]
            }
        },
        {
            "type": "Feature",
            "properties": {
                "name": "禾坑",
                "nameEn": "Wo Hang",
                "nameZh": "禾坑",
                "place": "suburb"
            },
            "geometry": {
                "type": "Point",
                "coordinates": [
                    114.1962832,
                    22.5273061
                ]
            }
        },
        {
            "type": "Feature",
            "properties": {
                "name": "奧佬背",
                "nameEn": "O Lo Pui",
                "nameZh": "奧佬背",
                "place": "suburb"
            },
            "geometry": {
                "type": "Point",
                "coordinates": [
                    114.2892433,
                    22.5459572
                ]
            }
        },
        {
            "type": "Feature",
            "properties": {
                "name": "香園圍",
                "nameEn": "Heung Yuen Wai",
                "nameZh": "香園圍",
                "place": "quarter"
            },
            "geometry": {
                "type": "Point",
                "coordinates": [
                    114.1589211,
                    22.5529451
                ]
            }
        },
        {
            "type": "Feature",
            "properties": {
                "name": "榕樹塱村",
                "nameEn": "Yung Shue Long Village",
                "nameZh": "榕樹塱村",
                "place": "village"
            },
            "geometry": {
                "type": "Point",
                "coordinates": [
                    114.1140997,
                    22.2271469
                ]
            }
        },
        {
            "type": "Feature",
            "properties": {
                "name": "大灣村",
                "nameEn": "Tai Wan Village",
                "nameZh": "大灣村",
                "place": "village"
            },
            "geometry": {
                "type": "Point",
                "coordinates": [
                    114.1158861,
                    22.223651
                ]
            }
        },
        {
            "type": "Feature",
            "properties": {
                "name": "大山村",
                "nameEn": "Tai Shan Village",
                "nameZh": "大山村",
                "place": "village"
            },
            "geometry": {
                "type": "Point",
                "coordinates": [
                    114.1113049,
                    22.2229657
                ]
            }
        },
        {
            "type": "Feature",
            "properties": {
                "name": "沙埔村",
                "nameEn": "Sha Po Village",
                "nameZh": "沙埔村",
                "place": "village"
            },
            "geometry": {
                "type": "Point",
                "coordinates": [
                    114.1126567,
                    22.2245994
                ]
            }
        },
        {
            "type": "Feature",
            "properties": {
                "name": "碗窰",
                "nameEn": "Wun Yiu",
                "nameZh": "碗窰",
                "place": "suburb"
            },
            "geometry": {
                "type": "Point",
                "coordinates": [
                    114.1636831,
                    22.4372605
                ]
            }
        },
        {
            "type": "Feature",
            "properties": {
                "name": "牛皮沙",
                "nameEn": "Ngau Pei Sha",
                "nameZh": "牛皮沙",
                "place": "quarter"
            },
            "geometry": {
                "type": "Point",
                "coordinates": [
                    114.2091653,
                    22.3794097
                ]
            }
        },
        {
            "type": "Feature",
            "properties": {
                "name": "插桅杆",
                "nameEn": "Chap Wai Kon",
                "nameZh": "插桅杆",
                "place": "quarter"
            },
            "geometry": {
                "type": "Point",
                "coordinates": [
                    114.2065301,
                    22.3789107
                ]
            }
        },
        {
            "type": "Feature",
            "properties": {
                "name": "大石鼓",
                "nameEn": "Tai Shek Ku",
                "nameZh": "大石鼓",
                "place": "neighbourhood"
            },
            "geometry": {
                "type": "Point",
                "coordinates": [
                    114.180312,
                    22.3216148
                ]
            }
        },
        {
            "type": "Feature",
            "properties": {
                "name": "多石",
                "nameEn": "To Shek",
                "nameZh": "多石",
                "place": "quarter"
            },
            "geometry": {
                "type": "Point",
                "coordinates": [
                    114.2014539,
                    22.3763714
                ]
            }
        },
        {
            "type": "Feature",
            "properties": {
                "name": "落馬洲河套",
                "nameEn": "Lok Ma Chau Loop",
                "nameZh": "落馬洲河套",
                "place": "quarter"
            },
            "geometry": {
                "type": "Point",
                "coordinates": [
                    114.0792242,
                    22.5218602
                ]
            }
        },
        {
            "type": "Feature",
            "properties": {
                "name": "上鹿湖",
                "nameEn": "Sheung Luk Wu",
                "nameZh": "上鹿湖",
                "place": "suburb"
            },
            "geometry": {
                "type": "Point",
                "coordinates": [
                    114.3511707,
                    22.4053608
                ]
            }
        },
        {
            "type": "Feature",
            "properties": {
                "name": "大窩",
                "nameEn": "Tai Wo",
                "nameZh": "大窩",
                "place": "village"
            },
            "geometry": {
                "type": "Point",
                "coordinates": [
                    114.0823418,
                    22.419013
                ]
            }
        },
        {
            "type": "Feature",
            "properties": {
                "name": "麻笏村",
                "nameEn": "Ma Wat Tsuen",
                "nameZh": "麻笏村",
                "place": "village"
            },
            "geometry": {
                "type": "Point",
                "coordinates": [
                    114.1515807,
                    22.4983833
                ]
            }
        },
        {
            "type": "Feature",
            "properties": {
                "name": "馬鞍塘",
                "nameEn": "Ma On Tong",
                "nameZh": "馬鞍塘",
                "place": "suburb"
            },
            "geometry": {
                "type": "Point",
                "coordinates": [
                    114.1730044,
                    22.5568656
                ]
            }
        },
        {
            "type": "Feature",
            "properties": {
                "name": "樟木頭",
                "nameEn": "Cheung Muk Tau",
                "nameZh": "樟木頭",
                "place": "quarter"
            },
            "geometry": {
                "type": "Point",
                "coordinates": [
                    114.2503983,
                    22.4297663
                ]
            }
        },
        {
            "type": "Feature",
            "properties": {
                "name": "泥涌",
                "nameEn": "Nai Chung",
                "nameZh": "泥涌",
                "place": "quarter"
            },
            "geometry": {
                "type": "Point",
                "coordinates": [
                    114.2565514,
                    22.4308552
                ]
            }
        },
        {
            "type": "Feature",
            "properties": {
                "name": "大洞",
                "nameEn": "Tai Tung",
                "nameZh": "大洞",
                "place": "quarter"
            },
            "geometry": {
                "type": "Point",
                "coordinates": [
                    114.2628361,
                    22.4233636
                ]
            }
        },
        {
            "type": "Feature",
            "properties": {
                "name": "企嶺下",
                "nameEn": "Kei Ling Ha",
                "nameZh": "企嶺下",
                "place": "quarter"
            },
            "geometry": {
                "type": "Point",
                "coordinates": [
                    114.2726266,
                    22.4125316
                ]
            }
        },
        {
            "type": "Feature",
            "properties": {
                "name": "澳頭",
                "nameEn": "O Tau",
                "nameZh": "澳頭",
                "place": "quarter"
            },
            "geometry": {
                "type": "Point",
                "coordinates": [
                    114.2818959,
                    22.403624
                ]
            }
        },
        {
            "type": "Feature",
            "properties": {
                "name": "螺地",
                "nameEn": "Lo Tei",
                "nameZh": "螺地",
                "place": "suburb"
            },
            "geometry": {
                "type": "Point",
                "coordinates": [
                    114.2432888,
                    22.5204387
                ]
            }
        },
        {
            "type": "Feature",
            "properties": {
                "name": "光板田",
                "nameEn": "Kwong Pan Tin",
                "nameZh": "光板田",
                "place": "suburb"
            },
            "geometry": {
                "type": "Point",
                "coordinates": [
                    114.1116911,
                    22.3830828
                ]
            }
        },
        {
            "type": "Feature",
            "properties": {
                "name": "光板田村第一段",
                "nameEn": "Kwong Pan Tin Tsuen Section 1",
                "nameZh": "光板田村第一段",
                "place": "neighbourhood"
            },
            "geometry": {
                "type": "Point",
                "coordinates": [
                    114.1126513,
                    22.379755
                ]
            }
        },
        {
            "type": "Feature",
            "properties": {
                "name": "光板田村第二段",
                "nameEn": "Kwong Pan Tin Tsuen Section 2",
                "nameZh": "光板田村第二段",
                "place": "neighbourhood"
            },
            "geometry": {
                "type": "Point",
                "coordinates": [
                    114.112422,
                    22.381617
                ]
            }
        },
        {
            "type": "Feature",
            "properties": {
                "name": "光板田村第四段",
                "nameEn": "Kwong Pan Tin Tsuen Section 4",
                "nameZh": "光板田村第四段",
                "place": "neighbourhood"
            },
            "geometry": {
                "type": "Point",
                "coordinates": [
                    114.1070133,
                    22.3868079
                ]
            }
        },
        {
            "type": "Feature",
            "properties": {
                "name": "大埔市",
                "nameEn": "Tai Po Town",
                "nameZh": "大埔市",
                "place": "suburb"
            },
            "geometry": {
                "type": "Point",
                "coordinates": [
                    114.1703832,
                    22.4502854
                ]
            }
        },
        {
            "type": "Feature",
            "properties": {
                "name": "東涌市",
                "nameEn": "Tung Chung Town",
                "nameZh": "東涌市",
                "place": "suburb"
            },
            "geometry": {
                "type": "Point",
                "coordinates": [
                    113.9427461,
                    22.2889746
                ]
            }
        },
        {
            "type": "Feature",
            "properties": {
                "name": "屯門市",
                "nameEn": "Tuen Mun Town",
                "nameZh": "屯門市",
                "place": "suburb"
            },
            "geometry": {
                "type": "Point",
                "coordinates": [
                    113.9753945,
                    22.3912817
                ]
            }
        },
        {
            "type": "Feature",
            "properties": {
                "name": "小瀝源工業區",
                "nameEn": "Siu Lek Yuen Industrial Area",
                "nameZh": "小瀝源工業區",
                "place": "neighbourhood"
            },
            "geometry": {
                "type": "Point",
                "coordinates": [
                    114.2085617,
                    22.3827082
                ]
            }
        },
        {
            "type": "Feature",
            "properties": {
                "name": "荃灣市",
                "nameEn": "Tsuen Wan Town",
                "nameZh": "荃灣市",
                "place": "suburb"
            },
            "geometry": {
                "type": "Point",
                "coordinates": [
                    114.1107952,
                    22.3725988
                ]
            }
        },
        {
            "type": "Feature",
            "properties": {
                "name": "蛤䗫擒塘",
                "nameEn": "Kap Ma Kum Tong",
                "nameZh": "蛤䗫擒塘",
                "place": "suburb"
            },
            "geometry": {
                "type": "Point",
                "coordinates": [
                    114.2431947,
                    22.5177533
                ]
            }
        },
        {
            "type": "Feature",
            "properties": {
                "name": "皇家圍",
                "nameEn": "Wong Ka Wai",
                "nameZh": "皇家圍",
                "place": "village"
            },
            "geometry": {
                "type": "Point",
                "coordinates": [
                    113.9791338,
                    22.4000543
                ]
            }
        },
        {
            "type": "Feature",
            "properties": {
                "name": "粉嶺市",
                "nameEn": "Fanling Town",
                "nameZh": "粉嶺市",
                "place": "suburb"
            },
            "geometry": {
                "type": "Point",
                "coordinates": [
                    114.1406912,
                    22.4949188
                ]
            }
        },
        {
            "type": "Feature",
            "properties": {
                "name": "元朗市",
                "nameEn": "Yuen Long Town",
                "nameZh": "元朗市",
                "place": "suburb"
            },
            "geometry": {
                "type": "Point",
                "coordinates": [
                    114.0285963,
                    22.4444871
                ]
            }
        },
        {
            "type": "Feature",
            "properties": {
                "name": "天水圍市",
                "nameEn": "Tin Shui Wai Town",
                "nameZh": "天水圍市",
                "place": "suburb"
            },
            "geometry": {
                "type": "Point",
                "coordinates": [
                    114.0021712,
                    22.4593159
                ]
            }
        },
        {
            "type": "Feature",
            "properties": {
                "name": "田寮村",
                "nameEn": "Tin Liu Village",
                "nameZh": "田寮村",
                "place": "village"
            },
            "geometry": {
                "type": "Point",
                "coordinates": [
                    114.0586638,
                    22.3501465
                ]
            }
        },
        {
            "type": "Feature",
            "properties": {
                "name": "田寮新村",
                "nameEn": "Tin Liu New Village",
                "nameZh": "田寮新村",
                "place": "village"
            },
            "geometry": {
                "type": "Point",
                "coordinates": [
                    114.0591911,
                    22.3523791
                ]
            }
        },
        {
            "type": "Feature",
            "properties": {
                "name": "馬灣大街村東",
                "nameEn": "Ma Wan Main Street Village East",
                "nameZh": "馬灣大街村東",
                "place": "neighbourhood"
            },
            "geometry": {
                "type": "Point",
                "coordinates": [
                    114.0591805,
                    22.3515339
                ]
            }
        },
        {
            "type": "Feature",
            "properties": {
                "name": "馬灣大街村中",
                "nameEn": "Ma Wan Main Street Village Central",
                "nameZh": "馬灣大街村中",
                "place": "neighbourhood"
            },
            "geometry": {
                "type": "Point",
                "coordinates": [
                    114.0577707,
                    22.3513856
                ]
            }
        },
        {
            "type": "Feature",
            "properties": {
                "name": "馬灣大街村中",
                "nameEn": "Ma Wan Main Street Village Central",
                "nameZh": "馬灣大街村中",
                "place": "neighbourhood"
            },
            "geometry": {
                "type": "Point",
                "coordinates": [
                    114.058338,
                    22.3521639
                ]
            }
        },
        {
            "type": "Feature",
            "properties": {
                "name": "馬灣大街村北",
                "nameEn": "Ma Wan Main Street Village North",
                "nameZh": "馬灣大街村北",
                "place": "neighbourhood"
            },
            "geometry": {
                "type": "Point",
                "coordinates": [
                    114.0588918,
                    22.3533143
                ]
            }
        },
        {
            "type": "Feature",
            "properties": {
                "name": "上水市",
                "nameEn": "Sheung Shui Town",
                "nameZh": "上水市",
                "place": "suburb"
            },
            "geometry": {
                "type": "Point",
                "coordinates": [
                    114.1285863,
                    22.5015104
                ]
            }
        },
        {
            "type": "Feature",
            "properties": {
                "name": "馬灣大街村",
                "nameEn": "Ma Wan Main Street Village",
                "nameZh": "馬灣大街村",
                "place": "neighbourhood"
            },
            "geometry": {
                "type": "Point",
                "coordinates": [
                    114.055882,
                    22.3487012
                ]
            }
        },
        {
            "type": "Feature",
            "properties": {
                "name": "尖沙咀",
                "nameEn": "Tsim Sha Tsui",
                "nameZh": "尖沙咀",
                "place": "quarter"
            },
            "geometry": {
                "type": "Point",
                "coordinates": [
                    114.1736032,
                    22.2985604
                ]
            }
        },
        {
            "type": "Feature",
            "properties": {
                "name": "灰沙圍",
                "nameEn": "Fui Sha Wai",
                "nameZh": "灰沙圍",
                "place": "village"
            },
            "geometry": {
                "type": "Point",
                "coordinates": [
                    114.005572,
                    22.438034
                ]
            }
        },
        {
            "type": "Feature",
            "properties": {
                "name": "大澳市中心",
                "nameEn": "Tai O Town Centre",
                "nameZh": "大澳市中心",
                "place": "quarter"
            },
            "geometry": {
                "type": "Point",
                "coordinates": [
                    113.8630933,
                    22.2534582
                ]
            }
        },
        {
            "type": "Feature",
            "properties": {
                "name": "鹿地塘村",
                "nameEn": "Luk Tei Tong Village",
                "nameZh": "鹿地塘村",
                "place": "village"
            },
            "geometry": {
                "type": "Point",
                "coordinates": [
                    113.9913277,
                    22.2628142
                ]
            }
        },
        {
            "type": "Feature",
            "properties": {
                "name": "二澳",
                "nameEn": "Yi O",
                "nameZh": "二澳",
                "place": "suburb"
            },
            "geometry": {
                "type": "Point",
                "coordinates": [
                    113.848721,
                    22.2274236
                ]
            }
        },
        {
            "type": "Feature",
            "properties": {
                "name": "十塱",
                "nameEn": "Shap Long",
                "nameZh": "十塱",
                "place": "suburb"
            },
            "geometry": {
                "type": "Point",
                "coordinates": [
                    113.9932085,
                    22.2403483
                ]
            }
        },
        {
            "type": "Feature",
            "properties": {
                "name": "貝澳圍",
                "nameZh": "貝澳圍",
                "place": "quarter"
            },
            "geometry": {
                "type": "Point",
                "coordinates": [
                    113.9776049,
                    22.244214
                ]
            }
        },
        {
            "type": "Feature",
            "properties": {
                "name": "貝澳坳",
                "nameEn": "Pui O Au",
                "nameZh": "貝澳坳",
                "place": "quarter"
            },
            "geometry": {
                "type": "Point",
                "coordinates": [
                    113.9823097,
                    22.2485862
                ]
            }
        },
        {
            "type": "Feature",
            "properties": {
                "name": "鹹田",
                "nameEn": "Ham Tin",
                "nameZh": "鹹田",
                "place": "quarter"
            },
            "geometry": {
                "type": "Point",
                "coordinates": [
                    113.9811602,
                    22.2413832
                ]
            }
        },
        {
            "type": "Feature",
            "properties": {
                "name": "忠信里",
                "nameEn": "Chung Shun Lane",
                "nameZh": "忠信里",
                "place": "village"
            },
            "geometry": {
                "type": "Polygon",
                "coordinates": [
                    [
                        [
                            114.1616966,
                            22.4472225
                        ],
                        [
                            114.1618491,
                            22.4475084
                        ],
                        [
                            114.1619383,
                            22.4476218
                        ],
                        [
                            114.1622564,
                            22.4476594
                        ],
                        [
                            114.1625411,
                            22.4476745
                        ],
                        [
                            114.1625626,
                            22.4475941
                        ],
                        [
                            114.162761,
                            22.4475586
                        ],
                        [
                            114.1631533,
                            22.4472344
                        ],
                        [
                            114.1633452,
                            22.4471342
                        ],
                        [
                            114.1639594,
                            22.447182
                        ],
                        [
                            114.1641766,
                            22.4473442
                        ],
                        [
                            114.1642839,
                            22.4471582
                        ],
                        [
                            114.164088,
                            22.4470907
                        ],
                        [
                            114.1641377,
                            22.4469896
                        ],
                        [
                            114.1643724,
                            22.4467504
                        ],
                        [
                            114.1645452,
                            22.4467766
                        ],
                        [
                            114.1645588,
                            22.4467467
                        ],
                        [
                            114.1646326,
                            22.4466488
                        ],
                        [
                            114.1646267,
                            22.4465699
                        ],
                        [
                            114.1643022,
                            22.4463244
                        ],
                        [
                            114.1642472,
                            22.4463151
                        ],
                        [
                            114.1643885,
                            22.4459224
                        ],
                        [
                            114.1643571,
                            22.4458503
                        ],
                        [
                            114.1642124,
                            22.4458188
                        ],
                        [
                            114.1636415,
                            22.4460606
                        ],
                        [
                            114.1636133,
                            22.4459404
                        ],
                        [
                            114.1634839,
                            22.445845
                        ],
                        [
                            114.163494,
                            22.4457402
                        ],
                        [
                            114.1631406,
                            22.4454539
                        ],
                        [
                            114.1632338,
                            22.4451794
                        ],
                        [
                            114.1631848,
                            22.4451632
                        ],
                        [
                            114.1631533,
                            22.4450108
                        ],
                        [
                            114.1628402,
                            22.4447821
                        ],
                        [
                            114.1627362,
                            22.4448218
                        ],
                        [
                            114.1625809,
                            22.4449349
                        ],
                        [
                            114.1624781,
                            22.4450802
                        ],
                        [
                            114.1624613,
                            22.4451372
                        ],
                        [
                            114.1624271,
                            22.4451608
                        ],
                        [
                            114.1623708,
                            22.4451223
                        ],
                        [
                            114.1623151,
                            22.4451093
                        ],
                        [
                            114.162285,
                            22.4451694
                        ],
                        [
                            114.1623151,
                            22.4453523
                        ],
                        [
                            114.1619356,
                            22.4453771
                        ],
                        [
                            114.1619577,
                            22.4455227
                        ],
                        [
                            114.1621006,
                            22.4455977
                        ],
                        [
                            114.1625565,
                            22.4456225
                        ],
                        [
                            114.1626437,
                            22.4454756
                        ],
                        [
                            114.162747,
                            22.4453733
                        ],
                        [
                            114.1628114,
                            22.445307
                        ],
                        [
                            114.1628824,
                            22.4453126
                        ],
                        [
                            114.1629515,
                            22.4453647
                        ],
                        [
                            114.1628361,
                            22.4455388
                        ],
                        [
                            114.1628978,
                            22.4459038
                        ],
                        [
                            114.1631473,
                            22.4461883
                        ],
                        [
                            114.1632881,
                            22.4461598
                        ],
                        [
                            114.1634021,
                            22.446166
                        ],
                        [
                            114.1635261,
                            22.4462534
                        ],
                        [
                            114.1634423,
                            22.4463705
                        ],
                        [
                            114.1631024,
                            22.446391
                        ],
                        [
                            114.1628569,
                            22.4464114
                        ],
                        [
                            114.1628502,
                            22.4461288
                        ],
                        [
                            114.1628271,
                            22.4459434
                        ],
                        [
                            114.1625542,
                            22.445833
                        ],
                        [
                            114.1625073,
                            22.4461794
                        ],
                        [
                            114.1624432,
                            22.4464102
                        ],
                        [
                            114.1623507,
                            22.4463563
                        ],
                        [
                            114.1623404,
                            22.4462384
                        ],
                        [
                            114.1622472,
                            22.4462027
                        ],
                        [
                            114.1621676,
                            22.4459695
                        ],
                        [
                            114.1620305,
                            22.4459599
                        ],
                        [
                            114.1620191,
                            22.4460121
                        ],
                        [
                            114.1619836,
                            22.4462434
                        ],
                        [
                            114.1620583,
                            22.4465818
                        ],
                        [
                            114.1621126,
                            22.4466426
                        ],
                        [
                            114.1620509,
                            22.4466643
                        ],
                        [
                            114.1620319,
                            22.4467676
                        ],
                        [
                            114.1619494,
                            22.4468817
                        ],
                        [
                            114.161706,
                            22.4470738
                        ],
                        [
                            114.1616966,
                            22.4472225
                        ]
                    ]
                ]
            }
        },
        {
            "type": "Feature",
            "properties": {
                "name": "白橋仔",
                "nameEn": "Pak Kiu Tsai",
                "nameZh": "白橋仔",
                "place": "village"
            },
            "geometry": {
                "type": "Polygon",
                "coordinates": [
                    [
                        [
                            114.1660655,
                            22.4429006
                        ],
                        [
                            114.1665154,
                            22.4430866
                        ],
                        [
                            114.1664359,
                            22.4432189
                        ],
                        [
                            114.166549,
                            22.4432864
                        ],
                        [
                            114.1663682,
                            22.4434367
                        ],
                        [
                            114.1659594,
                            22.4433639
                        ],
                        [
                            114.1659311,
                            22.4432525
                        ],
                        [
                            114.1659387,
                            22.4430692
                        ],
                        [
                            114.1660655,
                            22.4429006
                        ]
                    ]
                ]
            }
        },
        {
            "type": "Feature",
            "properties": {
                "name": "山塘新村",
                "nameEn": "Shan Tong New Village",
                "nameZh": "山塘新村",
                "place": "village"
            },
            "geometry": {
                "type": "Polygon",
                "coordinates": [
                    [
                        [
                            114.1691292,
                            22.4400738
                        ],
                        [
                            114.1686147,
                            22.4393688
                        ],
                        [
                            114.168345,
                            22.4395807
                        ],
                        [
                            114.1686713,
                            22.4400666
                        ],
                        [
                            114.1688533,
                            22.4402682
                        ],
                        [
                            114.1690204,
                            22.4403917
                        ],
                        [
                            114.1694562,
                            22.4406691
                        ],
                        [
                            114.1696707,
                            22.4407012
                        ],
                        [
                            114.1697957,
                            22.440716
                        ],
                        [
                            114.1706094,
                            22.4408
                        ],
                        [
                            114.1706665,
                            22.4404112
                        ],
                        [
                            114.1705916,
                            22.4400953
                        ],
                        [
                            114.1696596,
                            22.4403055
                        ],
                        [
                            114.1692163,
                            22.4401807
                        ],
                        [
                            114.1691292,
                            22.4400738
                        ]
                    ]
                ]
            }
        },
        {
            "type": "Feature",
            "properties": {
                "name": "井頭",
                "nameEn": "Tseng Tau",
                "nameZh": "井頭",
                "place": "village"
            },
            "geometry": {
                "type": "Polygon",
                "coordinates": [
                    [
                        [
                            114.2000641,
                            22.4741584
                        ],
                        [
                            114.199812,
                            22.4738313
                        ],
                        [
                            114.2003512,
                            22.4733926
                        ],
                        [
                            114.2004035,
                            22.4734922
                        ],
                        [
                            114.2005684,
                            22.4738065
                        ],
                        [
                            114.2000641,
                            22.4741584
                        ]
                    ]
                ]
            }
        },
        {
            "type": "Feature",
            "properties": {
                "name": "洞梓",
                "nameEn": "Tung Tsz",
                "nameZh": "洞梓",
                "place": "village"
            },
            "geometry": {
                "type": "Polygon",
                "coordinates": [
                    [
                        [
                            114.200091,
                            22.4731869
                        ],
                        [
                            114.1994982,
                            22.4727978
                        ],
                        [
                            114.1994687,
                            22.4724532
                        ],
                        [
                            114.1996564,
                            22.4721756
                        ],
                        [
                            114.2000641,
                            22.4720939
                        ],
                        [
                            114.2005711,
                            22.4721186
                        ],
                        [
                            114.2008312,
                            22.4723937
                        ],
                        [
                            114.2006435,
                            22.4729291
                        ],
                        [
                            114.2002358,
                            22.4730233
                        ],
                        [
                            114.200209,
                            22.4731869
                        ],
                        [
                            114.200091,
                            22.4731869
                        ]
                    ]
                ]
            }
        },
        {
            "type": "Feature",
            "properties": {
                "name": "沙欄",
                "nameEn": "Sha Lan",
                "nameZh": "沙欄",
                "place": "village"
            },
            "geometry": {
                "type": "Polygon",
                "coordinates": [
                    [
                        [
                            114.2068037,
                            22.4609397
                        ],
                        [
                            114.2068143,
                            22.4607721
                        ],
                        [
                            114.2068237,
                            22.4604288
                        ],
                        [
                            114.2065582,
                            22.4602751
                        ],
                        [
                            114.2064978,
                            22.4601215
                        ],
                        [
                            114.2065541,
                            22.46008
                        ],
                        [
                            114.2065863,
                            22.4599888
                        ],
                        [
                            114.2066467,
                            22.459938
                        ],
                        [
                            114.2066883,
                            22.4597819
                        ],
                        [
                            114.2067862,
                            22.4596728
                        ],
                        [
                            114.206821,
                            22.4595439
                        ],
                        [
                            114.2068921,
                            22.4593555
                        ],
                        [
                            114.2069183,
                            22.4593147
                        ],
                        [
                            114.2069994,
                            22.4593456
                        ],
                        [
                            114.2070611,
                            22.4597831
                        ],
                        [
                            114.2071992,
                            22.4599926
                        ],
                        [
                            114.2074004,
                            22.4601884
                        ],
                        [
                            114.207513,
                            22.4601574
                        ],
                        [
                            114.2075653,
                            22.460171
                        ],
                        [
                            114.207737,
                            22.4601091
                        ],
                        [
                            114.2077699,
                            22.4601302
                        ],
                        [
                            114.2079469,
                            22.4599151
                        ],
                        [
                            114.2080126,
                            22.4597844
                        ],
                        [
                            114.2082111,
                            22.4595477
                        ],
                        [
                            114.2083882,
                            22.459311
                        ],
                        [
                            114.2084605,
                            22.4591535
                        ],
                        [
                            114.2085236,
                            22.4590687
                        ],
                        [
                            114.2085907,
                            22.4590395
                        ],
                        [
                            114.2086563,
                            22.459073
                        ],
                        [
                            114.2087637,
                            22.4589261
                        ],
                        [
                            114.2088495,
                            22.4588784
                        ],
                        [
                            114.2089178,
                            22.4589273
                        ],
                        [
                            114.2088475,
                            22.4590073
                        ],
                        [
                            114.2085987,
                            22.459394
                        ],
                        [
                            114.2084411,
                            22.4599195
                        ],
                        [
                            114.2082144,
                            22.4607202
                        ],
                        [
                            114.2081072,
                            22.4609525
                        ],
                        [
                            114.2079985,
                            22.4609326
                        ],
                        [
                            114.2079207,
                            22.4607288
                        ],
                        [
                            114.2078315,
                            22.4607207
                        ],
                        [
                            114.2077725,
                            22.4608657
                        ],
                        [
                            114.2077678,
                            22.4609958
                        ],
                        [
                            114.2076673,
                            22.4611452
                        ],
                        [
                            114.2074487,
                            22.4611272
                        ],
                        [
                            114.2074782,
                            22.4610905
                        ],
                        [
                            114.2074836,
                            22.4609727
                        ],
                        [
                            114.2073294,
                            22.4609674
                        ],
                        [
                            114.2071577,
                            22.4609656
                        ],
                        [
                            114.2069313,
                            22.4609588
                        ],
                        [
                            114.2068037,
                            22.4609397
                        ]
                    ]
                ]
            }
        },
        {
            "type": "Feature",
            "properties": {
                "name": "䃟頭角",
                "nameEn": "San Tau Kok",
                "nameZh": "䃟頭角",
                "place": "village"
            },
            "geometry": {
                "type": "Polygon",
                "coordinates": [
                    [
                        [
                            114.2054099,
                            22.4700362
                        ],
                        [
                            114.205235,
                            22.4693627
                        ],
                        [
                            114.2052115,
                            22.469258
                        ],
                        [
                            114.2052785,
                            22.4690845
                        ],
                        [
                            114.2055682,
                            22.4692208
                        ],
                        [
                            114.2060832,
                            22.4694247
                        ],
                        [
                            114.2062993,
                            22.4693991
                        ],
                        [
                            114.2065043,
                            22.4693193
                        ],
                        [
                            114.2071281,
                            22.469067
                        ],
                        [
                            114.207444,
                            22.4689418
                        ],
                        [
                            114.2077327,
                            22.468787
                        ],
                        [
                            114.2082343,
                            22.4684407
                        ],
                        [
                            114.2085991,
                            22.4681773
                        ],
                        [
                            114.2088646,
                            22.4681203
                        ],
                        [
                            114.2092348,
                            22.4691093
                        ],
                        [
                            114.2096586,
                            22.4686693
                        ],
                        [
                            114.2100341,
                            22.4684568
                        ],
                        [
                            114.210254,
                            22.4685661
                        ],
                        [
                            114.2102433,
                            22.4688365
                        ],
                        [
                            114.2097933,
                            22.4696985
                        ],
                        [
                            114.2096727,
                            22.4698361
                        ],
                        [
                            114.2094647,
                            22.4697227
                        ],
                        [
                            114.2094205,
                            22.4698293
                        ],
                        [
                            114.2092706,
                            22.4698519
                        ],
                        [
                            114.2092527,
                            22.4699708
                        ],
                        [
                            114.209101,
                            22.4700396
                        ],
                        [
                            114.2090607,
                            22.4701624
                        ],
                        [
                            114.2087627,
                            22.4701304
                        ],
                        [
                            114.2087171,
                            22.4702648
                        ],
                        [
                            114.2088874,
                            22.4703429
                        ],
                        [
                            114.2088044,
                            22.4704836
                        ],
                        [
                            114.2085696,
                            22.4707135
                        ],
                        [
                            114.2082356,
                            22.4709168
                        ],
                        [
                            114.2082104,
                            22.4713297
                        ],
                        [
                            114.2080886,
                            22.4714105
                        ],
                        [
                            114.2079435,
                            22.4715714
                        ],
                        [
                            114.2079086,
                            22.4718353
                        ],
                        [
                            114.2076718,
                            22.4720971
                        ],
                        [
                            114.2076282,
                            22.4721903
                        ],
                        [
                            114.2078796,
                            22.472405
                        ],
                        [
                            114.2077613,
                            22.4726289
                        ],
                        [
                            114.2076136,
                            22.4724731
                        ],
                        [
                            114.2071816,
                            22.4717423
                        ],
                        [
                            114.2072026,
                            22.4711125
                        ],
                        [
                            114.206829,
                            22.470671
                        ],
                        [
                            114.2066861,
                            22.4704624
                        ],
                        [
                            114.2064004,
                            22.4702337
                        ],
                        [
                            114.2061614,
                            22.4702422
                        ],
                        [
                            114.2057723,
                            22.4701045
                        ],
                        [
                            114.2054099,
                            22.4700362
                        ]
                    ]
                ]
            }
        },
        {
            "type": "Feature",
            "properties": {
                "name": "布心排",
                "nameEn": "Po Sam Pai",
                "nameZh": "布心排",
                "place": "village"
            },
            "geometry": {
                "type": "Polygon",
                "coordinates": [
                    [
                        [
                            114.212904,
                            22.4735273
                        ],
                        [
                            114.2106188,
                            22.4732001
                        ],
                        [
                            114.2102701,
                            22.4730266
                        ],
                        [
                            114.2094674,
                            22.4735837
                        ],
                        [
                            114.2089652,
                            22.4744381
                        ],
                        [
                            114.2084997,
                            22.4747563
                        ],
                        [
                            114.208135,
                            22.4750056
                        ],
                        [
                            114.2080895,
                            22.4750367
                        ],
                        [
                            114.2077113,
                            22.4731406
                        ],
                        [
                            114.2084829,
                            22.4727022
                        ],
                        [
                            114.2088056,
                            22.4717179
                        ],
                        [
                            114.2089183,
                            22.4711479
                        ],
                        [
                            114.2089183,
                            22.4707117
                        ],
                        [
                            114.208929,
                            22.4703101
                        ],
                        [
                            114.2087345,
                            22.470255
                        ],
                        [
                            114.2087842,
                            22.4701862
                        ],
                        [
                            114.2090041,
                            22.4701912
                        ],
                        [
                            114.2091436,
                            22.4700722
                        ],
                        [
                            114.2092618,
                            22.4699735
                        ],
                        [
                            114.2092817,
                            22.4698553
                        ],
                        [
                            114.2094214,
                            22.4698211
                        ],
                        [
                            114.2094568,
                            22.4697127
                        ],
                        [
                            114.2096686,
                            22.4698429
                        ],
                        [
                            114.2098401,
                            22.4697343
                        ],
                        [
                            114.211492,
                            22.471345
                        ],
                        [
                            114.2118073,
                            22.471239
                        ],
                        [
                            114.212097,
                            22.4714144
                        ],
                        [
                            114.212561,
                            22.4717699
                        ],
                        [
                            114.2130274,
                            22.471599
                        ],
                        [
                            114.2137301,
                            22.4726053
                        ],
                        [
                            114.2133439,
                            22.4733538
                        ],
                        [
                            114.212904,
                            22.4735273
                        ]
                    ]
                ]
            }
        },
        {
            "type": "Feature",
            "properties": {
                "name": "梅樹坑",
                "nameEn": "Mui Shue Hang",
                "nameZh": "梅樹坑",
                "place": "village"
            },
            "geometry": {
                "type": "Polygon",
                "coordinates": [
                    [
                        [
                            114.1524685,
                            22.451891
                        ],
                        [
                            114.1514707,
                            22.4518117
                        ],
                        [
                            114.1513447,
                            22.4515737
                        ],
                        [
                            114.1513688,
                            22.4512167
                        ],
                        [
                            114.1515673,
                            22.4505425
                        ],
                        [
                            114.1524148,
                            22.4503675
                        ],
                        [
                            114.1533161,
                            22.4507011
                        ],
                        [
                            114.1529245,
                            22.4515142
                        ],
                        [
                            114.1528567,
                            22.4516804
                        ],
                        [
                            114.1524685,
                            22.451891
                        ]
                    ]
                ]
            }
        },
        {
            "type": "Feature",
            "properties": {
                "name": "南灣花園",
                "nameEn": "South Bay Garden",
                "nameZh": "南灣花園",
                "place": "neighbourhood"
            },
            "geometry": {
                "type": "Polygon",
                "coordinates": [
                    [
                        [
                            114.2006489,
                            22.237913
                        ],
                        [
                            114.2003329,
                            22.2376188
                        ],
                        [
                            114.2003022,
                            22.2375319
                        ],
                        [
                            114.1999825,
                            22.2372327
                        ],
                        [
                            114.2001035,
                            22.2371174
                        ],
                        [
                            114.2002408,
                            22.2370906
                        ],
                        [
                            114.2006272,
                            22.2374701
                        ],
                        [
                            114.2007699,
                            22.2378194
                        ],
                        [
                            114.2006489,
                            22.237913
                        ]
                    ]
                ]
            }
        },
        {
            "type": "Feature",
            "properties": {
                "name": "莫家",
                "nameEn": "Mok Ka",
                "nameZh": "莫家",
                "place": "village"
            },
            "geometry": {
                "type": "Polygon",
                "coordinates": [
                    [
                        [
                            113.928595,
                            22.2701531
                        ],
                        [
                            113.9286169,
                            22.2704407
                        ],
                        [
                            113.928735,
                            22.2706207
                        ],
                        [
                            113.9288772,
                            22.2710737
                        ],
                        [
                            113.9295446,
                            22.2710248
                        ],
                        [
                            113.9295638,
                            22.2708639
                        ],
                        [
                            113.9295182,
                            22.2705388
                        ],
                        [
                            113.9293469,
                            22.2700484
                        ],
                        [
                            113.928595,
                            22.2701531
                        ]
                    ]
                ]
            }
        },
        {
            "type": "Feature",
            "properties": {
                "name": "Cheung Sha Sheung Tsuen",
                "nameEn": "Cheung Sha Sheung Tsuen",
                "place": "village"
            },
            "geometry": {
                "type": "Polygon",
                "coordinates": [
                    [
                        [
                            113.9608195,
                            22.2359882
                        ],
                        [
                            113.9607841,
                            22.2357323
                        ],
                        [
                            113.9607585,
                            22.2354501
                        ],
                        [
                            113.9605788,
                            22.2353977
                        ],
                        [
                            113.9604174,
                            22.2352867
                        ],
                        [
                            113.9601598,
                            22.2352219
                        ],
                        [
                            113.9600249,
                            22.2352777
                        ],
                        [
                            113.9599793,
                            22.2353567
                        ],
                        [
                            113.9597937,
                            22.235485
                        ],
                        [
                            113.9594919,
                            22.2356936
                        ],
                        [
                            113.9594677,
                            22.2358423
                        ],
                        [
                            113.9596394,
                            22.2358343
                        ],
                        [
                            113.9598915,
                            22.2361
                        ],
                        [
                            113.9599773,
                            22.2358343
                        ],
                        [
                            113.9600578,
                            22.2356804
                        ],
                        [
                            113.9601758,
                            22.2358169
                        ],
                        [
                            113.960259,
                            22.235807
                        ],
                        [
                            113.9603367,
                            22.2359386
                        ],
                        [
                            113.9608195,
                            22.2359882
                        ]
                    ]
                ]
            }
        },
        {
            "type": "Feature",
            "properties": {
                "name": "Cheung Sha Sheung Tsuen",
                "nameEn": "Cheung Sha Sheung Tsuen",
                "place": "village"
            },
            "geometry": {
                "type": "Polygon",
                "coordinates": [
                    [
                        [
                            113.9590573,
                            22.2359584
                        ],
                        [
                            113.9592991,
                            22.2358282
                        ],
                        [
                            113.9595669,
                            22.2352558
                        ],
                        [
                            113.9594328,
                            22.2351838
                        ],
                        [
                            113.9591271,
                            22.2353129
                        ],
                        [
                            113.9589527,
                            22.2351292
                        ],
                        [
                            113.9584404,
                            22.2352931
                        ],
                        [
                            113.9585933,
                            22.2354967
                        ],
                        [
                            113.9587972,
                            22.2356655
                        ],
                        [
                            113.9590573,
                            22.2359584
                        ]
                    ]
                ]
            }
        },
        {
            "type": "Feature",
            "properties": {
                "name": "船灣陳屋",
                "nameEn": "Shuen Wan Chan Uk",
                "nameZh": "船灣陳屋",
                "place": "village"
            },
            "geometry": {
                "type": "MultiPolygon",
                "coordinates": [
                    [
                        [
                            [
                                114.2071147,
                                22.4616911
                            ],
                            [
                                114.2071154,
                                22.4616366
                            ],
                            [
                                114.2071194,
                                22.4615288
                            ],
                            [
                                114.2071148,
                                22.4612561
                            ],
                            [
                                114.207332,
                                22.4612635
                            ],
                            [
                                114.2075359,
                                22.4612927
                            ],
                            [
                                114.2076405,
                                22.4612785
                            ],
                            [
                                114.2078141,
                                22.4612102
                            ],
                            [
                                114.2077022,
                                22.4611198
                            ],
                            [
                                114.207733,
                                22.4610745
                            ],
                            [
                                114.2078463,
                                22.4609965
                            ],
                            [
                                114.2079643,
                                22.4611309
                            ],
                            [
                                114.2080911,
                                22.461232
                            ],
                            [
                                114.2081286,
                                22.46132
                            ],
                            [
                                114.2081246,
                                22.4614972
                            ],
                            [
                                114.2082104,
                                22.4615096
                            ],
                            [
                                114.208124,
                                22.4617971
                            ],
                            [
                                114.208185,
                                22.4620264
                            ],
                            [
                                114.2081595,
                                22.4621144
                            ],
                            [
                                114.2082688,
                                22.4622823
                            ],
                            [
                                114.2083237,
                                22.4623622
                            ],
                            [
                                114.2084357,
                                22.4624632
                            ],
                            [
                                114.2084699,
                                22.4625134
                            ],
                            [
                                114.2084311,
                                22.4626745
                            ],
                            [
                                114.2082561,
                                22.462633
                            ],
                            [
                                114.2080817,
                                22.4624887
                            ],
                            [
                                114.2079234,
                                22.4625916
                            ],
                            [
                                114.2078181,
                                22.4625822
                            ],
                            [
                                114.2077786,
                                22.4626317
                            ],
                            [
                                114.2076713,
                                22.4626485
                            ],
                            [
                                114.2076351,
                                22.4624552
                            ],
                            [
                                114.2075553,
                                22.462361
                            ],
                            [
                                114.2073139,
                                22.462555
                            ],
                            [
                                114.2071483,
                                22.4626274
                            ],
                            [
                                114.2071134,
                                22.4625711
                            ],
                            [
                                114.2072106,
                                22.4625233
                            ],
                            [
                                114.2071992,
                                22.4624446
                            ],
                            [
                                114.2072549,
                                22.4623647
                            ],
                            [
                                114.2071429,
                                22.4622996
                            ],
                            [
                                114.2072722,
                                22.4622345
                            ],
                            [
                                114.2073585,
                                22.4621647
                            ],
                            [
                                114.2074326,
                                22.4621968
                            ],
                            [
                                114.2074654,
                                22.4621577
                            ],
                            [
                                114.2073785,
                                22.462043
                            ],
                            [
                                114.207419,
                                22.4619574
                            ],
                            [
                                114.2073045,
                                22.4618745
                            ],
                            [
                                114.2072683,
                                22.461846
                            ],
                            [
                                114.2072998,
                                22.4616924
                            ],
                            [
                                114.2072227,
                                22.4617407
                            ],
                            [
                                114.2071147,
                                22.4616911
                            ]
                        ]
                    ],
                    [
                        [
                            [
                                114.2070906,
                                22.4617469
                            ],
                            [
                                114.2070255,
                                22.4618925
                            ],
                            [
                                114.2069464,
                                22.461882
                            ],
                            [
                                114.2067815,
                                22.4618436
                            ],
                            [
                                114.2067573,
                                22.4618058
                            ],
                            [
                                114.2067754,
                                22.4617587
                            ],
                            [
                                114.2066849,
                                22.4616738
                            ],
                            [
                                114.2066353,
                                22.4616583
                            ],
                            [
                                114.2066138,
                                22.461592
                            ],
                            [
                                114.2067211,
                                22.4616013
                            ],
                            [
                                114.2067513,
                                22.461481
                            ],
                            [
                                114.2068185,
                                22.4615051
                            ],
                            [
                                114.2068854,
                                22.4615331
                            ],
                            [
                                114.2068472,
                                22.4616577
                            ],
                            [
                                114.2069518,
                                22.4617029
                            ],
                            [
                                114.2070906,
                                22.4617469
                            ]
                        ]
                    ],
                    [
                        [
                            [
                                114.2056811,
                                22.4617673
                            ],
                            [
                                114.2055805,
                                22.4619149
                            ],
                            [
                                114.2053874,
                                22.4617476
                            ],
                            [
                                114.2055027,
                                22.4616422
                            ],
                            [
                                114.2056154,
                                22.4616956
                            ],
                            [
                                114.2056811,
                                22.4617673
                            ]
                        ]
                    ]
                ]
            }
        }
    ]
}